id,name,SSN,date,loan_amt,amt_due,amt_paid,statecode,age,married,educ,W2inc_m1,W2inc_m2,taxdependent,creditscore,asset,debt,unemprate,avg_homeprice
1,Sonia Mcguire,236-953-449,06-06-2019,43000,56867,56867,05,45,1,2,28222.43,7890.0137,1,604,42100,54200,7.1100001,175471
2,Donald Rice,005-842-556,06-02-2019,44200,58454,36700,04,40,1,2,60914.68,76678.344,1,734,52700,212300,6.2399998,193575
3,Ida Cobb,910-498-933,04-06-2019,42500,56206,18618,03,38,1,1,12447.522,26983.334,2,516,42400,120200,6.23,176691
4,Eugene Ray,860-954-891,06-04-2019,44100,58322,58322,05,27,1,2,58501.355,82148.555,0,659,59900,0,6.6300001,204650
5,Vernon Clark,222-665-597,09-04-2019,44800,59247,59247,02,44,1,2,65051.391,35056.191,1,752,47800,8800,5.9000001,155605
6,Cesar Johnson,882-556-156,03-03-2019,48600,64273,16265,04,39,0,3,7168.5122,0,0,518,52200,90000,7.2600002,198305
7,Joy Webb,423-652-053,05-01-2019,42700,56470,30873,05,40,0,2,48580.246,61743.867,0,661,56600,170400,6.1999998,192492
8,Victor Hamilton,905-466-435,08-03-2019,42400,56073,56073,03,34,1,2,43173.359,44773.535,0,657,33700,0,5.9299998,167191
9,Kristine Barker,029-914-331,07-04-2019,43200,57131,57131,05,36,0,2,52567.84,29618.998,0,665,50900,59000,7.0799999,200365
10,Seth Schwartz,537-502-549,06-06-2019,49400,65331,65331,01,33,0,2,84742.336,89973.281,0,705,47700,119600,6.7399998,202583
11,Clifford May,793-431-491,06-01-2019,44100,58322,26720,04,27,1,1,57404.16,44984.617,2,572,50000,0,6.79,178706
12,Bobbie Patton,866-938-802,10-05-2019,43200,57131,57131,01,30,0,2,22042.258,27400.855,0,579,59700,97100,5.9099998,184170
13,Charlene Edwards,972-299-637,09-07-2019,42300,55941,55941,04,37,0,2,42771.137,43419.617,0,641,34200,2900,5.8200002,181164
14,Genevieve Greer,640-143-883,07-05-2019,64900,85830,85830,01,36,0,2,101956.48,87833.852,0,810,42700,21700,6.5900002,166444
15,Kenny Gonzales,543-142-813,05-07-2019,43500,57528,57528,01,29,0,2,73494.664,82366.188,0,686,49900,0,6.1100001,187957
16,Lydia Frank,103-792-683,01-02-2019,43100,56999,24233,02,37,1,2,50973.719,62342.574,1,658,44200,0,7.3600001,188008
17,Kathleen Manning,923-498-894,05-03-2019,42100,55677,32332,03,27,0,2,38338.363,43995.609,0,617,46000,6200,6.0300002,177296
18,Cornelius Spencer,662-268-232,05-01-2019,45000,59512,45516,02,27,1,2,66593.031,68688.203,3,730,47900,0,6.1500001,182580
19,Lucy Dixon,862-451-092,05-05-2019,42500,56206,56206,01,27,0,2,41923.133,51005.594,0,620,57800,0,6.3699999,196770
20,Peter Leonard,807-791-103,06-01-2019,43500,57528,28490,05,33,1,1,57072.922,54820.656,1,646,52700,0,6.5,202116
21,Beatrice Hodges,827-153-351,06-07-2019,43600,57660,57660,01,38,1,2,51322.887,39338.895,0,620,52500,0,7.0900002,197470
22,Don Wagner,807-785-680,04-03-2019,42300,55941,27602,01,40,0,2,40040.945,40926.145,0,676,54000,71700,6.2199998,177648
23,Fred Peters,205-150-137,03-03-2019,42200,55809,55809,02,37,0,2,39324.129,78628.328,0,608,48000,34000,7.1999998,182487
24,Maxine Warner,328-130-106,07-07-2019,44000,58189,36101,05,31,0,2,57350.402,62557.816,0,663,50200,141100,6.7399998,196911
25,Jessica Wong,359-092-133,05-06-2019,50400,66653,38311,02,27,1,2,76710.742,69450.57,1,620,54600,43600,5.8800001,185154
26,George Valdez,038-055-946,08-01-2019,42200,55809,55809,02,42,0,2,38689.656,25201.426,0,656,39900,112100,6.3800001,194470
27,Bradley Farmer,742-855-910,05-04-2019,43400,57396,57396,03,42,1,2,54471.801,42335.688,1,699,63400,16200,6.1199999,176935
28,Eddie Morrison,088-532-925,03-02-2019,42100,55677,25716,02,25,1,2,34667.438,30991.223,0,553,33900,132300,7.02,206356
29,Edwin Sanders,652-752-188,05-01-2019,44200,58454,31747,02,35,1,2,57010.785,31591.873,0,677,50500,105400,5.8800001,170901
30,Sara Walters,565-036-493,06-02-2019,43200,57131,57131,03,27,1,2,58720.824,34222.332,3,619,33900,0,6.8499999,190375
31,Toby Myers,451-715-999,01-04-2019,47300,62554,15384,04,29,0,2,4876.6206,6911.416,0,490,36900,0,7.4200001,180666
32,Rufus Morton,279-203-329,06-06-2019,43000,56867,56867,05,35,1,2,50573.488,46287.059,3,647,43000,0,6.8499999,204909
33,Barry Simpson,761-399-028,06-03-2019,42600,56338,22235,05,22,0,2,47337.727,38664.723,0,545,51000,0,7.04,200792
34,Freddie Ballard,654-837-726,08-07-2019,43700,57793,57793,02,32,1,2,59336.598,78073.547,2,620,45900,37600,6.54,200083
35,Wendell Hogan,612-191-230,08-07-2019,47000,62157,15233,01,46,1,2,1187.2125,22843.736,2,519,46200,107700,6.75,191376
36,Evan Rivera,158-224-406,06-03-2019,54800,72472,27426,03,37,0,1,3069.9961,15630.355,0,535,35400,22500,6.8099999,202199
37,Shane Aguilar,976-312-508,06-01-2019,63000,83317,83317,03,31,0,2,0,0,0,525,27200,0,6.5799999,176053
38,Joel Gordon,919-625-281,07-04-2019,43000,56867,56867,05,24,1,2,51369.477,37651.07,3,587,43700,0,6.5,192642
39,Emilio Glover,564-767-971,06-02-2019,42000,55544,55544,04,33,1,2,32395.596,20812.637,2,588,53900,0,6.7600002,196183
40,Chris Joseph,376-172-126,04-04-2019,43200,57131,25696,05,41,1,2,51554.574,51978.508,0,646,44400,14000,6.3899999,176266
41,Dora Dawson,959-333-632,05-01-2019,43300,57264,57264,04,33,1,2,52247.902,49669.211,0,642,37900,8600,5.8899999,265386
42,Andres French,338-985-324,06-05-2019,42200,55809,55809,04,35,0,2,41419.973,53992.094,0,599,29700,32400,6.77,187668
43,Eileen Bell,571-490-247,04-07-2019,48000,63479,20179,05,40,0,1,13559.641,40764.344,0,530,50600,70900,6.79,182693
44,Patsy Norman,592-787-267,07-02-2019,42400,56073,17804,01,31,1,2,12834.646,4527.9575,0,521,41800,0,6.4400001,207326
45,Rosemary Freeman,280-683-539,07-06-2019,42400,56073,56073,04,32,0,2,44430.949,60494.754,0,624,33000,48800,6.6700001,189883
46,Johnny Gross,092-035-839,09-04-2019,44100,58322,58322,03,32,1,2,56821.531,33573.406,2,613,43600,80300,6.0999999,184735
47,Roderick Pratt,217-716-244,06-07-2019,44700,59115,59115,01,40,1,2,60292.309,57242.602,0,740,55200,23800,6.7800002,172904
48,Ruth Flores,910-791-644,05-02-2019,42000,55544,55544,02,40,1,2,35028.832,69490.93,0,626,52400,0,6.0599999,179521
49,Elaine Lamb,807-622-514,06-06-2019,42500,56206,56206,04,34,1,2,45422.523,27378.76,2,675,35000,78100,6.79,187146
50,Aubrey Higgins,579-659-779,09-06-2019,43400,57396,40525,04,30,0,2,57910.363,50910.273,0,699,65900,26100,6.1700001,165077
51,Dallas Jimenez,033-674-047,05-05-2019,43100,56999,56999,02,40,0,2,49452.457,71156.438,0,644,31900,126700,6.4099998,201132
52,Wade Mathis,171-341-581,04-03-2019,42500,56206,56206,04,28,0,2,45553.695,47866.668,0,551,38600,0,6.6100001,196717
53,Kendra Ruiz,905-433-015,06-07-2019,42700,56470,56470,03,36,1,3,27463.24,28320.598,0,621,23800,62400,6.5300002,188753
54,Jeff Walsh,181-360-503,06-05-2019,41800,55280,29640,02,39,0,2,24706.713,38665.301,0,608,53200,0,6.7800002,206720
55,Philip Castillo,125-010-937,06-04-2019,43700,57793,57793,05,31,1,3,60919.832,66256.188,2,636,43100,68300,7,174405
56,Cecil Taylor,980-217-230,06-02-2019,43200,57131,57131,05,33,0,3,53461.082,27256.992,0,625,44100,0,7.1300001,191171
57,Constance Ryan,156-160-523,05-03-2019,44700,59115,59115,04,47,1,3,66492.609,46972.602,1,785,36500,109800,6.3699999,182571
58,Ray Potter,141-627-374,05-06-2019,41800,55280,55280,03,39,0,2,29529.115,26358.799,0,617,36500,0,6.1500001,223999
59,Edward Fox,773-456-391,06-02-2019,43900,58057,31095,05,28,1,3,58018.883,55650.195,2,598,42600,0,6.79,166782
60,Theresa Miller,150-569-612,05-02-2019,41600,55015,27306,05,36,0,1,30815.449,12176.068,0,607,46300,0,6.1199999,193134
61,Hugh Lawson,055-795-531,04-01-2019,49800,65860,65860,03,34,1,3,73387.633,58398.051,2,730,40800,0,6.1999998,200548
62,Kari Goodwin,480-877-563,04-04-2019,42900,56735,56735,01,42,0,3,46359.992,61144.402,0,673,39900,51800,6.6199999,188239
63,Tara Hughes,688-746-181,07-07-2019,48100,63612,63612,04,27,0,2,72615.406,65167.059,0,639,47200,0,6.52,195316
64,Nettie Mccoy,794-502-138,05-02-2019,42200,55809,29669,04,34,1,2,39333.934,56780.871,2,626,40900,0,6.5599999,169078
65,Leo Rose,720-827-043,05-07-2019,42000,55544,55544,02,22,0,1,36818.09,38106.219,0,554,61600,74800,5.9200001,185100
66,Morris Phillips,592-110-968,04-05-2019,44200,58454,32082,01,32,1,2,55215.527,52715.113,1,641,41500,0,6.54,191916
67,Cedric Ortiz,858-484-416,06-07-2019,43300,57264,57264,01,35,1,3,18711.424,20818.859,0,557,47200,33900,6.75,216932
68,Ricky Duncan,564-968-689,03-03-2019,44100,58322,27590,03,33,1,2,59485.957,82564.555,0,581,48000,0,6.9099998,207326
69,Shawn Bates,135-072-898,06-02-2019,43600,57660,57660,01,30,1,2,52195.445,42197.301,1,597,46900,16800,6.5799999,209588
70,Candice Warren,056-172-830,06-01-2019,48100,63612,63612,02,37,1,2,76691.867,93901.875,3,761,53500,43600,7,165773
71,Dean Chandler,374-594-867,08-01-2019,43200,57131,28771,03,36,1,2,50182.77,44898.699,1,640,42500,41400,6.4299998,200819
72,Ruby Alvarado,555-350-157,09-02-2019,43000,56867,56867,04,40,0,2,50338.582,49618.977,0,635,63600,0,6.04,173664
73,Terrell Hopkins,500-905-107,06-06-2019,43100,56999,56999,03,42,0,2,52685.223,50043.551,0,668,46900,0,7.3299999,182612
74,Alberto Washington,923-325-167,04-04-2019,43500,57528,57528,02,35,1,2,53436.832,52484.664,2,630,50300,0,6.1799998,173332
75,Tabitha Parsons,005-273-193,07-03-2019,45200,59776,59776,01,41,0,2,57279.824,53415.461,0,714,44600,0,6.6900001,185444
76,Colleen Francis,152-287-363,09-06-2019,47300,62554,62554,05,41,1,2,72959.133,86378.828,1,736,49800,333000,5.8699999,179456
77,Shelley Holland,697-920-416,05-01-2019,42100,55677,55677,02,37,1,2,32120.121,14494.933,3,597,36300,0,6.0700002,181816
78,Lucas Townsend,222-366-344,07-01-2019,42200,55809,28675,01,32,0,2,37449.852,76286.133,0,606,25400,75500,6.4699998,194074
79,Betty King,604-074-069,04-02-2019,45300,59909,47643,05,27,1,2,62997.555,63990.621,3,732,47700,67600,6.3499999,190133
80,Shelia Becker,302-548-508,05-01-2019,43100,56999,20769,04,36,0,2,21546.342,43471.539,0,574,39300,0,6.4099998,182997
81,Jacob Cross,521-693-055,07-04-2019,55300,73134,19603,05,34,1,1,0,0,3,495,31790.844,0,6.6100001,229957
82,Bobby Gibson,108-096-684,04-07-2019,44800,59247,59247,03,39,1,2,66352.445,50982.352,0,717,44600,0,6.6399999,186053
83,Rhonda Schneider,150-283-833,08-04-2019,42100,55677,55677,05,33,0,2,37513.285,68915,0,568,42000,0,6.2600002,157479
84,Marco Mckinney,409-705-257,01-03-2019,41700,55148,18355,04,35,0,2,31282.373,29648.857,0,521,49700,900,7.6500001,157827
85,Forrest Vargas,554-963-863,06-05-2019,43600,57660,14315,01,39,0,2,18642.197,0,0,551,39100,0,6.6599998,188118
86,Frederick George,103-707-899,04-07-2019,54700,72340,19847,04,36,1,2,167.04382,8412.8994,2,504,43000,133600,6.5300002,201091
87,Terry Brown,259-966-844,08-01-2019,41900,55412,55412,04,32,1,2,32480.777,35917.453,0,600,40700,0,6.4400001,190318
88,Terri Houston,842-348-312,04-05-2019,44000,58189,58189,05,34,1,2,59218.047,67952.039,1,711,54400,0,6.4899998,187630
89,Tamara Green,394-931-832,06-03-2019,44200,58454,58454,05,31,0,2,67739.57,58802.754,0,645,45300,10500,6.9400001,210548
90,Raul Fernandez,940-197-689,07-04-2019,43800,57925,57925,01,37,0,2,73630.18,91023.492,0,726,46900,38400,6.4899998,186979
91,Tricia Schultz,967-826-864,09-05-2019,44800,59247,59247,05,37,1,2,72447.703,50395.75,3,709,64000,0,6.1199999,204953
92,Gina Steele,986-496-018,07-03-2019,42700,56470,24744,01,31,1,2,17448.193,10285.596,0,567,40900,166500,6.6900001,197874
93,Natalie Buchanan,641-699-288,06-06-2019,42200,55809,55809,03,28,0,2,37470.219,30886.254,0,560,61400,0,6.3099999,211285
94,Ellen Cooper,182-849-461,06-05-2019,43100,56999,56999,03,23,1,2,48283.176,60206.773,3,605,39400,165900,6.8200002,211396
95,Catherine Santiago,061-496-582,04-01-2019,42000,55544,19498,05,37,0,2,24425.58,22799.414,0,573,45100,0,6.4200001,189202
96,Gilbert Jennings,772-592-915,10-01-2019,42200,55809,29631,01,24,0,2,30479.189,34552.441,0,562,50600,1300,5.9200001,156212
97,Michele Stokes,139-122-994,05-01-2019,71200,94161,16728,03,46,0,2,0,6536.291,0,476,45900,0,6.1300001,195077
98,Elsa Singleton,385-669-068,06-02-2019,42100,55677,31854,01,27,0,2,34691.746,44291.527,0,592,30300,85400,6.6700001,182607
99,Myrtle Garner,432-574-790,05-04-2019,42100,55677,21037,03,37,1,1,32119.242,26071.947,1,611,44800,22600,6.0999999,205675
100,Alvin Drake,998-745-119,05-05-2019,42400,56073,56073,01,37,0,2,39745.211,44157.957,0,606,59800,29500,6.25,207976
101,Penny Morton,353-413-712,04-02-2019,42500,56206,56206,04,34,1,2,44387.492,49839.695,0,656,38900,14000,6.1399999,201109
102,Blake Mitchell,740-460-358,06-01-2019,45500,60173,35628,04,49,1,2,62854.367,36907.023,3,755,38200,53000,6.8299999,180087
103,Virginia Luna,539-209-995,09-01-2019,41800,55280,15363,02,38,1,2,25419.773,53595.836,3,564,23300,0,5.9499998,179748
104,Pedro Bradley,796-353-548,04-01-2019,43600,57660,57660,04,33,1,1,18967.139,20226.246,0,511,34800,57200,6.6700001,149344
105,Allison Grant,206-435-551,05-03-2019,41600,55015,38333,04,38,0,2,70199.484,46337.246,0,713,35000,0,6.0999999,188570
106,Rex Chambers,260-046-494,06-05-2019,42100,55677,28061,03,33,1,1,34880.16,18615.252,1,614,57700,0,7.1500001,200667
107,Brian Gibbs,664-690-506,03-05-2019,46700,61760,18745,01,32,1,2,8905.0654,20627.369,2,517,36200,30800,7.1500001,171102
108,Josefina Rowe,429-268-044,04-06-2019,42900,56735,56735,04,40,1,2,49227.289,39858.41,1,689,37400,132200,6.0300002,187657
109,Hugh Vargas,850-445-720,05-01-2019,42200,55809,34268,01,30,0,2,35995.227,48848.484,0,619,41100,0,6.2199998,181671
110,Frank Brewer,633-746-268,04-03-2019,43700,57793,57793,04,36,0,2,60628.379,67064.586,0,685,50500,21800,6.2800002,211349
111,Myra Mclaughlin,860-391-547,06-07-2019,42300,55941,17052,03,35,0,3,23946.533,15263.128,0,556,25400,228600,6.8299999,189109
112,Kerry Anderson,447-663-207,09-06-2019,42100,55677,27127,05,32,0,1,39025.945,49203.547,0,591,36300,72000,5.7199998,191525
113,Hilda Reynolds,189-956-588,04-02-2019,42400,56073,32652,05,40,1,2,44438.445,39792.176,0,658,53300,71100,6.2600002,202723
114,Jean Vasquez,535-864-850,09-04-2019,42400,56073,21711,02,35,0,1,28012.479,36358.168,0,579,46500,3700,6.1199999,192091
115,Flora Massey,966-907-252,02-07-2019,42200,55809,17604,02,43,0,3,23767.145,37895.293,0,593,49500,0,7.0999999,192213
116,Nellie Davidson,037-395-970,06-01-2019,42900,56735,56735,03,28,1,3,49575.602,54585.828,2,576,50800,0,6.3600001,195519
117,Luis Evans,960-041-603,05-06-2019,44800,59247,59247,04,31,1,1,17324.313,43543.52,1,583,46900,20900,5.9899998,202361
118,Phyllis Fleming,639-592-392,03-03-2019,43300,57264,57264,02,36,0,2,50569.066,68586.922,0,633,46400,0,7.2600002,189841
119,Kevin White,251-192-728,03-03-2019,42700,56470,25298,04,28,1,2,46583.93,35452.832,0,573,54700,12800,7.29,174923
120,Rudy Young,236-488-459,08-06-2019,50900,67315,45900,01,45,1,2,68360.945,88181.672,3,780,41000,35600,6.27,202610
121,Rose Cross,674-325-453,09-07-2019,41400,54751,22643,01,35,1,2,16519.818,31997.709,3,553,36100,0,5.5,179398
122,Eva Harrison,541-588-059,06-04-2019,42500,56206,15933,05,35,1,3,21990.748,17071.795,2,541,50600,147000,6.96,164402
123,Eric Scott,511-115-843,05-05-2019,48600,64273,64273,05,26,0,2,104617.84,118049.62,0,720,48300,31700,5.9200001,188606
124,Rhonda Allison,187-276-757,05-04-2019,43900,58057,58057,03,33,1,2,55523.641,79359.742,0,651,43900,0,6.48,195908
125,Bruce Miller,161-299-025,07-07-2019,49000,64802,44165,04,34,1,2,84598.484,65547.508,2,707,56700,0,6.4299998,205826
126,Caleb Hines,600-988-122,05-05-2019,43100,56999,56999,03,38,0,2,49776.367,84484.641,0,641,44800,10800,6.29,174977
127,Melvin Castillo,496-670-427,06-03-2019,42100,55677,55677,03,34,0,2,36956.938,39546.145,0,638,50700,59600,6.6399999,205215
128,Levi Burton,472-488-893,06-05-2019,43800,57925,57925,04,39,1,3,59709.82,48961.223,0,732,54500,51800,6.6599998,172177
129,Sandra Beck,490-721-901,06-04-2019,43600,57660,16572,01,33,1,2,7042.0996,12778.288,0,524,46700,0,6.6300001,179007
130,Kristine Patrick,847-007-536,04-01-2019,46700,61760,43241,05,34,0,2,74460.484,63503.559,0,755,56300,14800,6.6399999,182782
131,Randy Vaughn,353-127-342,02-03-2019,54400,71943,20982,03,32,0,1,0,10733.913,0,486,40000,17800,7.6300001,197089
132,Salvador Pope,641-768-816,03-01-2019,44900,59380,41979,05,33,1,3,68568.266,75677.875,0,712,43100,139800,6.6799998,206725
133,Guillermo Morris,642-941-236,05-06-2019,43300,57264,25057,01,25,1,2,50474.668,52931,3,599,58100,0,5.9499998,180531
134,Angel Stanley,001-981-681,08-05-2019,42400,56073,27399,03,34,0,2,33350.758,18233.018,0,589,45200,116600,6.3699999,184465
135,Barbara Holland,696-640-314,06-03-2019,43500,57528,57528,03,32,0,2,68980.813,48943.359,0,682,42000,0,6.8099999,175659
136,Drew Lindsey,147-034-355,03-03-2019,47900,63347,63347,05,31,1,2,89567.891,66425.367,0,778,28500,0,7.0900002,175115
137,Glenda Todd,265-686-569,07-04-2019,45100,59644,59644,02,30,0,2,72775.813,76172.164,0,702,44500,0,6.3499999,184867
138,Timothy Medina,340-756-121,07-01-2019,42800,56602,56602,02,43,1,2,46746.109,50930.445,0,655,43900,0,6.54,184204
139,Hannah Ward,930-308-288,04-01-2019,42300,55941,55941,02,30,1,2,40536.664,28393.342,1,568,55300,0,6.27,173233
140,Diane Mason,715-101-880,07-04-2019,42300,55941,23274,05,44,1,2,43199.23,56538.813,0,649,38900,9800,6.5100002,178800
141,Eula Love,489-256-064,08-04-2019,45900,60702,43484,01,40,0,2,68850.641,37546.289,0,748,45900,45000,6.4499998,182639
142,Tara Reese,188-965-380,06-02-2019,41800,55280,24084,05,38,1,2,33941.23,29816.637,3,641,43700,0,6.7399998,191248
143,Loren Gibson,844-718-259,02-07-2019,42300,55941,16942,04,34,1,2,27912.168,28396.961,2,558,41400,10200,7.1300001,210690
144,Paula Dixon,092-042-476,03-01-2019,46900,62025,36660,05,35,1,2,68280.109,82312.664,1,684,49300,0,6.96,159812
145,Jay Bell,822-723-445,03-07-2019,43200,57131,57131,03,29,0,2,50542.922,90606.961,0,596,48000,0,7.1700001,175664
146,Philip Higgins,380-866-474,02-01-2019,42100,55677,55677,03,29,0,1,35033.145,49577.738,0,631,49200,85000,7.3600001,195203
147,Christie Tate,421-762-964,07-02-2019,43100,56999,29220,04,40,0,2,50122.051,34830.609,0,661,51700,11800,6.5900002,180366
148,Frankie Hogan,813-699-075,03-06-2019,46300,61231,61231,02,32,0,2,68947.867,59220.84,0,690,49300,40600,7.2199998,209850
149,Vanessa Henderson,718-089-565,06-02-2019,47000,62157,62157,01,41,0,3,70224.523,77897.617,0,773,47100,54200,6.6199999,178602
150,Jenna Hall,587-859-003,04-03-2019,51400,67976,18653,02,40,1,2,5378.124,0,0,485,24900,60600,6.79,191366
151,Tracy Green,058-493-352,09-04-2019,47200,62421,62421,05,39,1,3,74184.844,60137.777,2,716,51800,0,5.8499999,199650
152,Nichole Taylor,021-292-376,05-02-2019,42200,55809,55809,01,35,1,2,35190.41,37191.223,1,594,44000,74800,6.1700001,207436
153,Delores Benson,390-896-897,05-04-2019,42500,56206,24806,01,32,0,2,42454.383,59967.219,0,578,35300,0,6.3499999,190445
154,Robin Parsons,743-488-161,07-01-2019,41400,54751,18584,01,25,1,2,15127.188,43842.031,3,514,28400,29600,6.75,207364
155,Noel Bailey,690-479-954,07-02-2019,42300,55941,23183,03,43,1,2,40459.484,67142.063,1,646,36500,197800,6.75,227625
156,Camille Reed,675-199-074,03-05-2019,48300,63876,16504,05,32,0,2,8312.8643,28855.734,0,484,49700,23900,6.8000002,220486
157,Judith Craig,199-780-668,06-06-2019,42000,55544,19610,04,41,1,1,19795.592,20029.367,3,577,31600,61300,6.5799999,168566
158,Franklin Curtis,184-482-695,03-01-2019,42300,55941,26019,05,35,1,2,29011.832,29555.508,3,627,45500,0,7.29,196171
159,Janet Welch,141-305-567,05-01-2019,42100,55677,55677,01,30,1,2,34487.012,44892.77,0,626,56000,0,6.4099998,184894
160,Meredith Wilson,068-712-595,08-07-2019,41900,55412,55412,03,34,0,2,32988.672,45455.883,0,632,34200,20600,6.5900002,196717
161,Kristy Watson,737-050-304,03-06-2019,42400,56073,31180,01,28,0,2,27050.361,51493.332,0,603,42700,0,7.0500002,217747
162,Javier Ray,170-994-584,06-03-2019,42300,55941,55941,03,16,1,2,41948.129,37493.305,0,510,42500,0,6.5900002,196669
163,Alejandro West,347-563-991,07-04-2019,42300,55941,55941,04,38,1,2,31722.439,29156.66,3,598,40200,0,6.5599999,201965
164,Edna Collier,226-403-169,06-02-2019,44100,58322,58322,05,44,1,2,75087.656,91474.258,3,770,46500,0,7.23,176998
165,Natasha Martinez,070-505-607,07-05-2019,49200,65066,65066,05,34,1,2,15370.871,20319.75,3,565,46400,0,6.25,200806
166,Lynn Crawford,380-913-336,05-06-2019,42000,55544,55544,04,28,1,2,34629.867,17715.832,3,587,34700,83900,6.3499999,179523
167,Lionel Watts,678-541-637,03-07-2019,45300,59909,45596,02,35,0,3,80168.43,94400.406,0,734,41600,14500,6.8899999,187311
168,Wallace Webster,045-317-333,08-07-2019,40500,53561,53561,03,35,1,3,20226.662,0,0,565,48500,0,6.6300001,196596
169,Yvette Schmidt,922-131-573,01-07-2019,42200,55809,55809,01,36,0,2,37640.082,49112.152,0,585,51600,0,7.9299998,195138
170,Darlene Riley,312-085-157,05-02-2019,53800,71150,18975,03,43,1,2,651.36151,34861.332,0,512,22900,19500,6.0700002,175198
171,Agnes Gray,889-580-656,06-03-2019,44000,58189,25023,03,25,0,2,16940.82,3959.5801,0,540,37200,0,6.6300001,179466
172,Salvatore Henry,072-352-726,07-06-2019,42200,55809,55809,04,30,1,2,35235.066,39305.711,1,526,28200,32900,6.8000002,206371
173,Nelson Moreno,305-992-570,04-03-2019,44200,58454,58454,03,32,0,1,55034.496,35358.422,0,576,37100,66500,6.3299999,174724
174,Kari Hammond,066-807-568,07-01-2019,42800,56602,56602,01,40,1,2,45021.738,46398.734,3,628,51500,0,6.3200002,186906
175,Pam Pena,351-192-173,04-07-2019,42500,56206,56206,05,28,1,2,27470.951,24968.137,1,544,34900,133500,6.8099999,198591
176,Kelvin Norman,898-732-543,06-01-2019,43100,56999,29227,01,31,0,2,46995.945,16629.754,0,627,42000,113600,6.52,181405
177,Amos Wells,343-978-539,04-02-2019,41200,54486,22745,05,40,1,2,27731.443,24169.273,0,573,41800,130800,6.48,182402
178,Jeffrey Wheeler,229-479-964,05-02-2019,42000,55544,26704,03,35,0,2,37768.27,40008.605,0,602,53300,0,6.23,206057
179,Ricky Gill,404-845-440,08-05-2019,46500,61496,61496,02,38,0,2,62657.504,75784.438,0,712,52400,0,6.6900001,196458
180,Tracy Nguyen,996-955-461,06-04-2019,51700,68373,12362,01,33,0,2,0,16366.482,0,480,54500,26600,6.6199999,173930
181,Tiffany Fisher,491-101-613,04-05-2019,43400,57396,57396,01,28,0,2,52422.336,64550.438,0,598,44500,33200,6.0500002,179067
182,Eugene Mendez,313-133-387,08-04-2019,43600,57660,18007,04,42,0,1,22896.813,32039.723,0,594,43700,0,6.3099999,167084
183,Kellie Austin,907-064-315,05-02-2019,42300,55941,55941,02,35,0,3,25581.488,46398.914,0,600,60200,0,6.23,175326
184,Belinda Houston,238-213-678,05-06-2019,46500,61496,61496,01,34,1,2,8083.5522,0,1,509,34300,0,6.1700001,200797
185,Jack Patterson,527-160-959,08-02-2019,46500,61496,61496,03,33,0,2,13570.413,21257.635,0,526,32200,0,6.02,175787
186,Orville Diaz,177-147-292,03-01-2019,42000,55544,25824,05,33,1,2,34833.984,58333.668,3,582,27100,21000,7.0900002,168230
187,Esther Cook,877-268-820,03-02-2019,42200,55809,23045,04,22,1,2,32645.557,31652.004,2,534,52600,64700,7.0100002,195616
188,Noah Hernandez,116-517-864,06-02-2019,51500,68108,68108,05,30,1,2,89195.852,52875.434,3,776,54100,0,6.6500001,207833
189,Luther Barnes,826-650-033,05-02-2019,44000,58189,58189,04,42,1,2,55960.508,65400.363,1,716,45100,0,5.6900001,195233
190,Alberto Tucker,311-398-086,06-05-2019,60500,80011,69690,04,28,0,2,92638.109,83676.906,0,759,43300,0,6.8099999,183532
191,Tina Pierce,507-004-293,05-01-2019,50200,66389,14739,02,34,0,3,0,840.48157,0,445,34300,0,6.1700001,196001
192,Victor Perry,469-854-770,06-05-2019,44100,58322,38248,05,41,1,3,72250.359,66256.578,2,740,42900,5200,6.9299998,189744
193,Katrina Abbott,421-159-750,06-03-2019,43400,57396,28216,03,31,1,2,52956.746,68540.219,0,624,50200,25400,6.6599998,178157
194,Harry Logan,403-555-451,01-06-2019,42800,56602,56602,02,34,1,2,46441.949,45907.121,2,609,45200,62000,7.4899998,215148
195,Ashley Hubbard,854-004-624,05-03-2019,44300,58586,44572,04,24,1,3,76057,64818.676,1,660,47300,166500,6.1199999,203324
196,Alicia Watkins,920-971-555,02-04-2019,42100,55677,55677,02,29,1,2,36953.629,33819.938,0,583,46600,158400,7.3899999,175309
197,Shirley Frazier,034-346-158,06-05-2019,42600,56338,33259,05,35,1,2,47162.875,45310.348,0,584,36500,0,6.6700001,170738
198,Sonia Mcguire,306-711-237,06-02-2019,43900,58057,58057,04,34,1,2,54189.699,57486.191,1,694,22400,0,7,185584
199,Caroline Mckinney,953-699-458,03-01-2019,44200,58454,30565,04,34,0,2,59794.078,70083.797,0,645,35800,40900,6.9699998,175033
200,Marlon Gilbert,604-451-899,05-01-2019,43200,57131,30610,05,34,1,2,52469.113,41703.738,0,618,38800,108500,6.4099998,189514
201,Shawn Norton,043-811-009,05-05-2019,44900,59380,59380,02,36,0,2,61139.527,65782.438,0,687,57800,44100,6.25,177330
202,Wendell Figueroa,392-327-787,06-01-2019,51800,68505,68505,05,31,1,2,6268.9268,18153.977,2,463,27900,97500,6.98,150040
203,Patti Mclaughlin,133-567-005,06-07-2019,44700,59115,24706,05,39,0,2,24438.602,18311.342,0,575,34600,0,6.77,196744
204,Jeanne Quinn,141-076-742,05-05-2019,44600,58983,27150,01,40,0,3,52296.527,10877.231,0,654,39700,24700,6.21,196597
205,April Wallace,675-163-246,01-02-2019,42700,56470,56470,02,47,1,2,44637.875,64417.617,1,681,54500,0,7.8600001,199460
206,Silvia Fitzgerald,503-409-775,08-01-2019,41200,54486,54486,01,41,1,3,23965.797,2902.2954,1,570,45700,0,6.3000002,182816
207,Rafael Dennis,875-802-321,07-03-2019,48500,64141,64141,05,34,1,3,73890.602,74992.453,0,695,34000,96800,6.3200002,193826
208,Garry Martin,520-501-736,05-02-2019,42100,55677,26907,05,26,1,2,39179.805,48266.91,3,553,49600,42100,6.4099998,193053
209,Kristopher Alexander,497-843-593,07-02-2019,43200,57131,34517,03,39,1,1,52381.918,35552.848,1,685,44400,190100,6.71,190734
210,Sheila Cook,464-612-952,06-03-2019,45500,60173,20677,02,38,0,1,17063.381,14741.666,0,536,45700,0,6.4200001,182996
211,Rose Sandoval,521-964-037,04-04-2019,42100,55677,55677,03,35,0,1,23665.26,31641.387,0,543,51500,0,6.4299998,201278
212,Jessie Greene,007-958-517,07-01-2019,42000,55544,55544,01,31,0,2,33586.438,40462.176,0,577,48900,26700,6.6799998,192683
213,Victor Holloway,417-029-433,05-05-2019,42400,56073,22418,03,33,0,3,26308.754,26183.93,0,543,30000,144200,6.3899999,214104
214,Dawn Franklin,181-573-478,01-05-2019,42600,56338,56338,04,33,1,1,45469.539,84755.492,1,636,52200,0,7.6199999,193148
215,Ross Jordan,360-764-777,06-04-2019,50000,66124,66124,05,33,1,2,76335.078,79130.469,3,697,54200,0,6.54,179409
216,Norman Thornton,557-041-559,02-01-2019,41900,55412,21263,03,37,0,2,30606.199,59617.855,0,582,49800,12700,7.1300001,198776
217,Jaime Stanley,091-013-104,04-03-2019,43100,56999,56999,03,29,0,2,50514.691,24889.686,0,595,48800,55000,6.2600002,213141
218,Wilfred Hodges,944-426-245,04-02-2019,44900,59380,59380,02,35,1,2,60771.418,76548.438,3,764,50700,0,6.25,185154
219,Nathan Berry,523-497-177,04-04-2019,44100,58322,35923,04,35,1,2,58829.027,70157.234,0,674,37400,14600,6.6199999,185775
220,Derek Cummings,704-706-986,04-03-2019,42500,56206,56206,03,30,0,2,44642.086,44644.727,0,585,67900,0,6.4699998,170902
221,Kim Kelly,418-726-287,05-05-2019,44200,58454,19745,01,35,1,2,17574.588,21177.236,3,524,31800,3400,5.8899999,195285
222,Javier Keller,162-591-290,09-06-2019,42100,55677,55677,04,39,0,2,32236.357,26922.439,0,613,38600,0,6.1599998,211486
223,Daisy Murray,122-605-204,04-01-2019,41800,55280,28093,02,44,1,2,31746.473,42143.176,3,654,54600,0,6.5799999,214730
224,Archie Moody,640-484-261,04-04-2019,44500,58851,33822,02,40,0,3,54758.332,74502.273,0,729,50400,0,6.6700001,204566
225,Edith Riley,285-563-937,07-04-2019,41600,55015,55015,04,33,0,1,26666.094,37002.352,0,569,33100,50900,6.75,216683
226,Christy Rios,498-187-198,05-02-2019,49700,65728,65728,04,30,1,2,88353.766,89597.914,0,651,48400,66700,6.1900001,189780
227,Karla Ryan,889-156-668,08-05-2019,45600,60305,31902,05,42,0,2,64057.449,52211.809,0,711,53300,46100,6.5999999,181230
228,Maxine Bennett,054-318-139,06-06-2019,42000,55544,55544,03,28,1,1,27198.975,15202.854,1,563,39800,161600,7,189950
229,David Swanson,706-961-626,03-03-2019,47200,62421,11633,02,33,0,3,5674.334,11828.619,0,458,44700,63400,7.4899998,207456
230,Virginia Love,578-075-874,06-01-2019,50600,66918,26247,02,31,1,3,1327.059,35139.703,2,534,30300,0,6.8099999,191279
231,Patsy Howard,717-433-104,07-06-2019,44300,58586,18247,05,43,1,3,18383.695,21170.891,2,570,49600,0,6.6599998,183534
232,Lorraine Brown,585-669-249,07-01-2019,43300,57264,57264,04,36,0,2,53453.547,13731.905,0,692,43800,0,6.7800002,174419
233,Alejandro Baldwin,182-945-908,04-05-2019,42100,55677,55677,02,34,1,2,37805.926,57749.461,1,616,36900,0,6.5900002,184696
234,Hubert Cole,928-901-543,05-01-2019,52200,69034,11202,04,44,1,3,1458.126,0,3,489,37300,83100,5.9099998,213897
235,Rosemarie Phelps,045-265-978,07-05-2019,49500,65463,47216,01,42,1,2,77294.961,75415.531,0,807,49500,0,7.0300002,203477
236,Josephine Mullins,666-654-149,05-05-2019,45800,60570,60570,04,33,1,2,63290.188,63812.121,0,618,49700,0,6.02,204790
237,Johnathan Sherman,807-279-491,05-01-2019,43200,57131,57131,03,34,1,2,51030.379,64598.078,2,601,50300,196100,6.3899999,201935
238,Max Sparks,092-781-753,04-06-2019,43300,57264,57264,05,24,1,2,57501.348,53430.379,1,559,44800,132800,6.29,190178
239,Russell Gilbert,426-890-742,09-04-2019,47000,62157,62157,03,40,0,2,63597.727,65110.605,0,716,36600,0,6.0799999,183888
240,Alicia Reynolds,452-941-531,11-07-2019,42200,55809,31720,04,32,1,3,40563.316,40102.84,3,615,40500,28200,6.1500001,200465
241,Sheldon Bryant,479-131-017,08-04-2019,43000,56867,56867,04,36,1,2,26902.924,40845.035,1,580,56700,0,6.3600001,187690
242,Billy Walsh,894-274-797,05-03-2019,42000,55544,55544,02,37,1,2,29707.791,53355.836,1,602,42100,72600,5.9899998,191559
243,Elvira Lee,413-472-677,10-04-2019,42400,56073,20521,05,37,1,2,31508.871,33138.109,1,588,39600,0,6.0700002,215800
244,Clay Cobb,876-129-088,01-02-2019,42400,56073,56073,02,31,1,2,42502.359,40687.859,1,596,49000,0,7.4499998,175748
245,Sophie Lopez,480-745-547,04-04-2019,43200,57131,18710,05,38,1,2,24927.07,34668.555,1,569,36600,0,6.1300001,161271
246,Tony Clark,417-824-375,09-01-2019,43300,57264,34295,01,47,1,2,48584.066,27549.93,0,748,39100,88500,6.21,204501
247,Katherine Rose,720-987-359,02-03-2019,42400,56073,56073,05,33,0,2,45100.906,68743.461,0,621,46500,61700,7.3000002,224411
248,Sharon Harvey,955-550-381,06-04-2019,42600,56338,56338,03,38,0,2,26338.354,27437.975,0,565,52600,0,6.6399999,189612
249,Wesley Maldonado,689-903-998,10-06-2019,79900,105667,105667,03,34,1,2,0,0,2,477,60100,142000,5.9899998,182616
250,Jaime Vasquez,654-179-442,07-04-2019,42200,55809,21614,03,34,1,3,30546.924,22455.295,3,594,59500,0,6.7199998,185166
