id,name,SSN,date,loan_amt,amt_due,amt_paid,statecode,age,married,educ,W2inc_m1,W2inc_m2,taxdependent,creditscore,asset,debt,unemprate,avg_homeprice,type
1,Sonia Mcguire,236-953-449,06-06-2019,43000,56867,56867,05,45,1,2,28222.43,7890.0137,1,604,42100,54200,7.1100001,175471,38.876511
2,Donald Rice,005-842-556,06-02-2019,44200,58454,36700,04,40,1,2,60914.68,76678.344,1,734,52700,212300,6.2399998,193575,61.201061
3,Ida Cobb,910-498-933,04-06-2019,42500,56206,18618,03,38,1,1,12447.522,26983.334,2,516,42400,120200,6.23,176691,29.904896
4,Eugene Ray,860-954-891,06-04-2019,44100,58322,58322,05,27,1,2,58501.355,82148.555,0,659,59900,0,6.6300001,204650,58.607437
5,Vernon Clark,222-665-597,09-04-2019,44800,59247,59247,02,44,1,2,65051.391,35056.191,1,752,47800,8800,5.9000001,155605,65.559502
6,Cesar Johnson,882-556-156,03-03-2019,48600,64273,16265,04,39,0,3,7168.5122,0,0,518,52200,90000,7.2600002,198305,25.611139
7,Joy Webb,423-652-053,05-01-2019,42700,56470,30873,05,40,0,2,48580.246,61743.867,0,661,56600,170400,6.1999998,192492,52.354591
8,Victor Hamilton,905-466-435,08-03-2019,42400,56073,56073,03,34,1,2,43173.359,44773.535,0,657,33700,0,5.9299998,167191,50.036053
9,Kristine Barker,029-914-331,07-04-2019,43200,57131,57131,05,36,0,2,52567.84,29618.998,0,665,50900,59000,7.0799999,200365,55.143681
10,Seth Schwartz,537-502-549,06-06-2019,49400,65331,65331,01,33,0,2,84742.336,89973.281,0,705,47700,119600,6.7399998,202583,79.114677
11,Clifford May,793-431-491,06-01-2019,44100,58322,26720,04,27,1,1,57404.16,44984.617,2,572,50000,0,6.79,178706,59.158695
12,Bobbie Patton,866-938-802,10-05-2019,43200,57131,57131,01,30,0,2,22042.258,27400.855,0,579,59700,97100,5.9099998,184170,37.215149
13,Charlene Edwards,972-299-637,09-07-2019,42300,55941,55941,04,37,0,2,42771.137,43419.617,0,641,34200,2900,5.8200002,181164,49.321495
14,Genevieve Greer,640-143-883,07-05-2019,64900,85830,85830,01,36,0,2,101956.48,87833.852,0,810,42700,21700,6.5900002,166444,90.484039
15,Kenny Gonzales,543-142-813,05-07-2019,43500,57528,57528,01,29,0,2,73494.664,82366.188,0,686,49900,0,6.1100001,187957,71.437515
16,Lydia Frank,103-792-683,01-02-2019,43100,56999,24233,02,37,1,2,50973.719,62342.574,1,658,44200,0,7.3600001,188008,55.905407
17,Kathleen Manning,923-498-894,05-03-2019,42100,55677,32332,03,27,0,2,38338.363,43995.609,0,617,46000,6200,6.0300002,177296,46.777641
18,Cornelius Spencer,662-268-232,05-01-2019,45000,59512,45516,02,27,1,2,66593.031,68688.203,3,730,47900,0,6.1500001,182580,66.207031
19,Lucy Dixon,862-451-092,05-05-2019,42500,56206,56206,01,27,0,2,41923.133,51005.594,0,620,57800,0,6.3699999,196770,50.669926
20,Peter Leonard,807-791-103,06-01-2019,43500,57528,28490,05,33,1,1,57072.922,54820.656,1,646,52700,0,6.5,202116,58.04377
21,Beatrice Hodges,827-153-351,06-07-2019,43600,57660,57660,01,38,1,2,51322.887,39338.895,0,620,52500,0,7.0900002,197470,56.968227
22,Don Wagner,807-785-680,04-03-2019,42300,55941,27602,01,40,0,2,40040.945,40926.145,0,676,54000,71700,6.2199998,177648,49.277092
23,Fred Peters,205-150-137,03-03-2019,42200,55809,55809,02,37,0,2,39324.129,78628.328,0,608,48000,34000,7.1999998,182487,48.035324
24,Maxine Warner,328-130-106,07-07-2019,44000,58189,36101,05,31,0,2,57350.402,62557.816,0,663,50200,141100,6.7399998,196911,57.88131
25,Jessica Wong,359-092-133,05-06-2019,50400,66653,38311,02,27,1,2,76710.742,69450.57,1,620,54600,43600,5.8800001,185154,73.159988
26,George Valdez,038-055-946,08-01-2019,42200,55809,55809,02,42,0,2,38689.656,25201.426,0,656,39900,112100,6.3800001,194470,47.90852
27,Bradley Farmer,742-855-910,05-04-2019,43400,57396,57396,03,42,1,2,54471.801,42335.688,1,699,63400,16200,6.1199999,176935,57.529495
28,Eddie Morrison,088-532-925,03-02-2019,42100,55677,25716,02,25,1,2,34667.438,30991.223,0,553,33900,132300,7.02,206356,45.291977
29,Edwin Sanders,652-752-188,05-01-2019,44200,58454,31747,02,35,1,2,57010.785,31591.873,0,677,50500,105400,5.8800001,170901,60.623947
30,Sara Walters,565-036-493,06-02-2019,43200,57131,57131,03,27,1,2,58720.824,34222.332,3,619,33900,0,6.8499999,190375,60.314304
31,Toby Myers,451-715-999,01-04-2019,47300,62554,15384,04,29,0,2,4876.6206,6911.416,0,490,36900,0,7.4200001,180666,23.690811
32,Rufus Morton,279-203-329,06-06-2019,43000,56867,56867,05,35,1,2,50573.488,46287.059,3,647,43000,0,6.8499999,204909,53.764095
33,Barry Simpson,761-399-028,06-03-2019,42600,56338,22235,05,22,0,2,47337.727,38664.723,0,545,51000,0,7.04,200792,51.652603
34,Freddie Ballard,654-837-726,08-07-2019,43700,57793,57793,02,32,1,2,59336.598,78073.547,2,620,45900,37600,6.54,200083,61.91991
35,Wendell Hogan,612-191-230,08-07-2019,47000,62157,15233,01,46,1,2,1187.2125,22843.736,2,519,46200,107700,6.75,191376,23.186899
36,Evan Rivera,158-224-406,06-03-2019,54800,72472,27426,03,37,0,1,3069.9961,15630.355,0,535,35400,22500,6.8099999,202199,23.628315
37,Shane Aguilar,976-312-508,06-01-2019,63000,83317,83317,03,31,0,2,0,0,0,525,27200,0,6.5799999,176053,18.431753
38,Joel Gordon,919-625-281,07-04-2019,43000,56867,56867,05,24,1,2,51369.477,37651.07,3,587,43700,0,6.5,192642,54.496605
39,Emilio Glover,564-767-971,06-02-2019,42000,55544,55544,04,33,1,2,32395.596,20812.637,2,588,53900,0,6.7600002,196183,42.479
40,Chris Joseph,376-172-126,04-04-2019,43200,57131,25696,05,41,1,2,51554.574,51978.508,0,646,44400,14000,6.3899999,176266,54.265594
41,Dora Dawson,959-333-632,05-01-2019,43300,57264,57264,04,33,1,2,52247.902,49669.211,0,642,37900,8600,5.8899999,265386,55.337738
42,Andres French,338-985-324,06-05-2019,42200,55809,55809,04,35,0,2,41419.973,53992.094,0,599,29700,32400,6.77,187668,48.426266
43,Eileen Bell,571-490-247,04-07-2019,48000,63479,20179,05,40,0,1,13559.641,40764.344,0,530,50600,70900,6.79,182693,29.078072
44,Patsy Norman,592-787-267,07-02-2019,42400,56073,17804,01,31,1,2,12834.646,4527.9575,0,521,41800,0,6.4400001,207326,30.818104
45,Rosemary Freeman,280-683-539,07-06-2019,42400,56073,56073,04,32,0,2,44430.949,60494.754,0,624,33000,48800,6.6700001,189883,50.210228
46,Johnny Gross,092-035-839,09-04-2019,44100,58322,58322,03,32,1,2,56821.531,33573.406,2,613,43600,80300,6.0999999,184735,58.872887
47,Roderick Pratt,217-716-244,06-07-2019,44700,59115,59115,01,40,1,2,60292.309,57242.602,0,740,55200,23800,6.7800002,172904,62.921692
48,Ruth Flores,910-791-644,05-02-2019,42000,55544,55544,02,40,1,2,35028.832,69490.93,0,626,52400,0,6.0599999,179521,45.257252
49,Elaine Lamb,807-622-514,06-06-2019,42500,56206,56206,04,34,1,2,45422.523,27378.76,2,675,35000,78100,6.79,187146,50.864719
50,Aubrey Higgins,579-659-779,09-06-2019,43400,57396,40525,04,30,0,2,57910.363,50910.273,0,699,65900,26100,6.1700001,165077,58.788898
51,Dallas Jimenez,033-674-047,05-05-2019,43100,56999,56999,02,40,0,2,49452.457,71156.438,0,644,31900,126700,6.4099998,201132,55.063904
52,Wade Mathis,171-341-581,04-03-2019,42500,56206,56206,04,28,0,2,45553.695,47866.668,0,551,38600,0,6.6100001,196717,50.939232
53,Kendra Ruiz,905-433-015,06-07-2019,42700,56470,56470,03,36,1,3,27463.24,28320.598,0,621,23800,62400,6.5300002,188753,39.481922
54,Jeff Walsh,181-360-503,06-05-2019,41800,55280,29640,02,39,0,2,24706.713,38665.301,0,608,53200,0,6.7800002,206720,38.377544
55,Philip Castillo,125-010-937,06-04-2019,43700,57793,57793,05,31,1,3,60919.832,66256.188,2,636,43100,68300,7,174405,60.36261
56,Cecil Taylor,980-217-230,06-02-2019,43200,57131,57131,05,33,0,3,53461.082,27256.992,0,625,44100,0,7.1300001,191171,55.705486
57,Constance Ryan,156-160-523,05-03-2019,44700,59115,59115,04,47,1,3,66492.609,46972.602,1,785,36500,109800,6.3699999,182571,64.728813
58,Ray Potter,141-627-374,05-06-2019,41800,55280,55280,03,39,0,2,29529.115,26358.799,0,617,36500,0,6.1500001,223999,41.026592
59,Edward Fox,773-456-391,06-02-2019,43900,58057,31095,05,28,1,3,58018.883,55650.195,2,598,42600,0,6.79,166782,58.169891
60,Theresa Miller,150-569-612,05-02-2019,41600,55015,27306,05,36,0,1,30815.449,12176.068,0,607,46300,0,6.1199999,193134,40.398727
61,Hugh Lawson,055-795-531,04-01-2019,49800,65860,65860,03,34,1,3,73387.633,58398.051,2,730,40800,0,6.1999998,200548,70.07856
62,Kari Goodwin,480-877-563,04-04-2019,42900,56735,56735,01,42,0,3,46359.992,61144.402,0,673,39900,51800,6.6199999,188239,53.688431
63,Tara Hughes,688-746-181,07-07-2019,48100,63612,63612,04,27,0,2,72615.406,65167.059,0,639,47200,0,6.52,195316,68.998169
64,Nettie Mccoy,794-502-138,05-02-2019,42200,55809,29669,04,34,1,2,39333.934,56780.871,2,626,40900,0,6.5599999,169078,47.258968
65,Leo Rose,720-827-043,05-07-2019,42000,55544,55544,02,22,0,1,36818.09,38106.219,0,554,61600,74800,5.9200001,185100,46.604404
66,Morris Phillips,592-110-968,04-05-2019,44200,58454,32082,01,32,1,2,55215.527,52715.113,1,641,41500,0,6.54,191916,59.413151
67,Cedric Ortiz,858-484-416,06-07-2019,43300,57264,57264,01,35,1,3,18711.424,20818.859,0,557,47200,33900,6.75,216932,34.854202
68,Ricky Duncan,564-968-689,03-03-2019,44100,58322,27590,03,33,1,2,59485.957,82564.555,0,581,48000,0,6.9099998,207326,61.146748
69,Shawn Bates,135-072-898,06-02-2019,43600,57660,57660,01,30,1,2,52195.445,42197.301,1,597,46900,16800,6.5799999,209588,57.501637
70,Candice Warren,056-172-830,06-01-2019,48100,63612,63612,02,37,1,2,76691.867,93901.875,3,761,53500,43600,7,165773,73.188835
71,Dean Chandler,374-594-867,08-01-2019,43200,57131,28771,03,36,1,2,50182.77,44898.699,1,640,42500,41400,6.4299998,200819,54.945816
72,Ruby Alvarado,555-350-157,09-02-2019,43000,56867,56867,04,40,0,2,50338.582,49618.977,0,635,63600,0,6.04,173664,54.127914
73,Terrell Hopkins,500-905-107,06-06-2019,43100,56999,56999,03,42,0,2,52685.223,50043.551,0,668,46900,0,7.3299999,182612,56.03912
74,Alberto Washington,923-325-167,04-04-2019,43500,57528,57528,02,35,1,2,53436.832,52484.664,2,630,50300,0,6.1799998,173332,57.632526
75,Tabitha Parsons,005-273-193,07-03-2019,45200,59776,59776,01,41,0,2,57279.824,53415.461,0,714,44600,0,6.6900001,185444,60.726494
76,Colleen Francis,152-287-363,09-06-2019,47300,62554,62554,05,41,1,2,72959.133,86378.828,1,736,49800,333000,5.8699999,179456,68.588257
77,Shelley Holland,697-920-416,05-01-2019,42100,55677,55677,02,37,1,2,32120.121,14494.933,3,597,36300,0,6.0700002,181816,43.194241
78,Lucas Townsend,222-366-344,07-01-2019,42200,55809,28675,01,32,0,2,37449.852,76286.133,0,606,25400,75500,6.4699998,194074,47.349785
79,Betty King,604-074-069,04-02-2019,45300,59909,47643,05,27,1,2,62997.555,63990.621,3,732,47700,67600,6.3499999,190133,61.988533
80,Shelia Becker,302-548-508,05-01-2019,43100,56999,20769,04,36,0,2,21546.342,43471.539,0,574,39300,0,6.4099998,182997,35.075729
81,Jacob Cross,521-693-055,07-04-2019,55300,73134,19603,05,34,1,1,0,0,3,495,31790.844,0,6.6100001,229957,19.624119
82,Bobby Gibson,108-096-684,04-07-2019,44800,59247,59247,03,39,1,2,66352.445,50982.352,0,717,44600,0,6.6399999,186053,65.609894
83,Rhonda Schneider,150-283-833,08-04-2019,42100,55677,55677,05,33,0,2,37513.285,68915,0,568,42000,0,6.2600002,157479,44.997417
84,Marco Mckinney,409-705-257,01-03-2019,41700,55148,18355,04,35,0,2,31282.373,29648.857,0,521,49700,900,7.6500001,157827,41.570663
85,Forrest Vargas,554-963-863,06-05-2019,43600,57660,14315,01,39,0,2,18642.197,0,0,551,39100,0,6.6599998,188118,35.141937
86,Frederick George,103-707-899,04-07-2019,54700,72340,19847,04,36,1,2,167.04382,8412.8994,2,504,43000,133600,6.5300002,201091,20.823444
87,Terry Brown,259-966-844,08-01-2019,41900,55412,55412,04,32,1,2,32480.777,35917.453,0,600,40700,0,6.4400001,190318,42.137749
88,Terri Houston,842-348-312,04-05-2019,44000,58189,58189,05,34,1,2,59218.047,67952.039,1,711,54400,0,6.4899998,187630,59.794868
89,Tamara Green,394-931-832,06-03-2019,44200,58454,58454,05,31,0,2,67739.57,58802.754,0,645,45300,10500,6.9400001,210548,65.594444
90,Raul Fernandez,940-197-689,07-04-2019,43800,57925,57925,01,37,0,2,73630.18,91023.492,0,726,46900,38400,6.4899998,186979,71.379089
91,Tricia Schultz,967-826-864,09-05-2019,44800,59247,59247,05,37,1,2,72447.703,50395.75,3,709,64000,0,6.1199999,204953,68.35009
92,Gina Steele,986-496-018,07-03-2019,42700,56470,24744,01,31,1,2,17448.193,10285.596,0,567,40900,166500,6.6900001,197874,34.577969
93,Natalie Buchanan,641-699-288,06-06-2019,42200,55809,55809,03,28,0,2,37470.219,30886.254,0,560,61400,0,6.3099999,211285,46.459888
94,Ellen Cooper,182-849-461,06-05-2019,43100,56999,56999,03,23,1,2,48283.176,60206.773,3,605,39400,165900,6.8200002,211396,53.885387
95,Catherine Santiago,061-496-582,04-01-2019,42000,55544,19498,05,37,0,2,24425.58,22799.414,0,573,45100,0,6.4200001,189202,36.17794
96,Gilbert Jennings,772-592-915,10-01-2019,42200,55809,29631,01,24,0,2,30479.189,34552.441,0,562,50600,1300,5.9200001,156212,43.070782
97,Michele Stokes,139-122-994,05-01-2019,71200,94161,16728,03,46,0,2,0,6536.291,0,476,45900,0,6.1300001,195077,13.150194
98,Elsa Singleton,385-669-068,06-02-2019,42100,55677,31854,01,27,0,2,34691.746,44291.527,0,592,30300,85400,6.6700001,182607,46.010262
99,Myrtle Garner,432-574-790,05-04-2019,42100,55677,21037,03,37,1,1,32119.242,26071.947,1,611,44800,22600,6.0999999,205675,43.194614
100,Alvin Drake,998-745-119,05-05-2019,42400,56073,56073,01,37,0,2,39745.211,44157.957,0,606,59800,29500,6.25,207976,49.444729
101,Penny Morton,353-413-712,04-02-2019,42500,56206,56206,04,34,1,2,44387.492,49839.695,0,656,38900,14000,6.1399999,201109,50.686443
102,Blake Mitchell,740-460-358,06-01-2019,45500,60173,35628,04,49,1,2,62854.367,36907.023,3,755,38200,53000,6.8299999,180087,62.443024
103,Virginia Luna,539-209-995,09-01-2019,41800,55280,15363,02,38,1,2,25419.773,53595.836,3,564,23300,0,5.9499998,179748,39.033798
104,Pedro Bradley,796-353-548,04-01-2019,43600,57660,57660,04,33,1,1,18967.139,20226.246,0,511,34800,57200,6.6700001,149344,33.0681
105,Allison Grant,206-435-551,05-03-2019,41600,55015,38333,04,38,0,2,70199.484,46337.246,0,713,35000,0,6.0999999,188570,67.120804
106,Rex Chambers,260-046-494,06-05-2019,42100,55677,28061,03,33,1,1,34880.16,18615.252,1,614,57700,0,7.1500001,200667,44.659317
107,Brian Gibbs,664-690-506,03-05-2019,46700,61760,18745,01,32,1,2,8905.0654,20627.369,2,517,36200,30800,7.1500001,171102,28.51412
108,Josefina Rowe,429-268-044,04-06-2019,42900,56735,56735,04,40,1,2,49227.289,39858.41,1,689,37400,132200,6.0300002,187657,53.707424
109,Hugh Vargas,850-445-720,05-01-2019,42200,55809,34268,01,30,0,2,35995.227,48848.484,0,619,41100,0,6.2199998,181671,46.483837
110,Frank Brewer,633-746-268,04-03-2019,43700,57793,57793,04,36,0,2,60628.379,67064.586,0,685,50500,21800,6.2800002,211349,60.956161
111,Myra Mclaughlin,860-391-547,06-07-2019,42300,55941,17052,03,35,0,3,23946.533,15263.128,0,556,25400,228600,6.8299999,189109,37.167904
112,Kerry Anderson,447-663-207,09-06-2019,42100,55677,27127,05,32,0,1,39025.945,49203.547,0,591,36300,72000,5.7199998,191525,45.969315
113,Hilda Reynolds,189-956-588,04-02-2019,42400,56073,32652,05,40,1,2,44438.445,39792.176,0,658,53300,71100,6.2600002,202723,49.597233
114,Jean Vasquez,535-864-850,09-04-2019,42400,56073,21711,02,35,0,1,28012.479,36358.168,0,579,46500,3700,6.1199999,192091,40.507671
115,Flora Massey,966-907-252,02-07-2019,42200,55809,17604,02,43,0,3,23767.145,37895.293,0,593,49500,0,7.0999999,192213,37.612293
116,Nellie Davidson,037-395-970,06-01-2019,42900,56735,56735,03,28,1,3,49575.602,54585.828,2,576,50800,0,6.3600001,195519,54.412487
117,Luis Evans,960-041-603,05-06-2019,44800,59247,59247,04,31,1,1,17324.313,43543.52,1,583,46900,20900,5.9899998,202361,32.196941
118,Phyllis Fleming,639-592-392,03-03-2019,43300,57264,57264,02,36,0,2,50569.066,68586.922,0,633,46400,0,7.2600002,189841,55.898617
119,Kevin White,251-192-728,03-03-2019,42700,56470,25298,04,28,1,2,46583.93,35452.832,0,573,54700,12800,7.29,174923,51.812359
120,Rudy Young,236-488-459,08-06-2019,50900,67315,45900,01,45,1,2,68360.945,88181.672,3,780,41000,35600,6.27,202610,68.145325
121,Rose Cross,674-325-453,09-07-2019,41400,54751,22643,01,35,1,2,16519.818,31997.709,3,553,36100,0,5.5,179398,33.37183
122,Eva Harrison,541-588-059,06-04-2019,42500,56206,15933,05,35,1,3,21990.748,17071.795,2,541,50600,147000,6.96,164402,34.913128
123,Eric Scott,511-115-843,05-05-2019,48600,64273,64273,05,26,0,2,104617.84,118049.62,0,720,48300,31700,5.9200001,188606,90.051102
124,Rhonda Allison,187-276-757,05-04-2019,43900,58057,58057,03,33,1,2,55523.641,79359.742,0,651,43900,0,6.48,195908,58.271721
125,Bruce Miller,161-299-025,07-07-2019,49000,64802,44165,04,34,1,2,84598.484,65547.508,2,707,56700,0,6.4299998,205826,77.202896
126,Caleb Hines,600-988-122,05-05-2019,43100,56999,56999,03,38,0,2,49776.367,84484.641,0,641,44800,10800,6.29,174977,54.138885
127,Melvin Castillo,496-670-427,06-03-2019,42100,55677,55677,03,34,0,2,36956.938,39546.145,0,638,50700,59600,6.6399999,205215,46.165291
128,Levi Burton,472-488-893,06-05-2019,43800,57925,57925,04,39,1,3,59709.82,48961.223,0,732,54500,51800,6.6599998,172177,60.581184
129,Sandra Beck,490-721-901,06-04-2019,43600,57660,16572,01,33,1,2,7042.0996,12778.288,0,524,46700,0,6.6300001,179007,27.387672
130,Kristine Patrick,847-007-536,04-01-2019,46700,61760,43241,05,34,0,2,74460.484,63503.559,0,755,56300,14800,6.6399999,182782,69.733925
131,Randy Vaughn,353-127-342,02-03-2019,54400,71943,20982,03,32,0,1,0,10733.913,0,486,40000,17800,7.6300001,197089,16.081263
132,Salvador Pope,641-768-816,03-01-2019,44900,59380,41979,05,33,1,3,68568.266,75677.875,0,712,43100,139800,6.6799998,206725,65.933052
133,Guillermo Morris,642-941-236,05-06-2019,43300,57264,25057,01,25,1,2,50474.668,52931,3,599,58100,0,5.9499998,180531,56.104797
134,Angel Stanley,001-981-681,08-05-2019,42400,56073,27399,03,34,0,2,33350.758,18233.018,0,589,45200,116600,6.3699999,184465,43.497524
135,Barbara Holland,696-640-314,06-03-2019,43500,57528,57528,03,32,0,2,68980.813,48943.359,0,682,42000,0,6.8099999,175659,67.379539
136,Drew Lindsey,147-034-355,03-03-2019,47900,63347,63347,05,31,1,2,89567.891,66425.367,0,778,28500,0,7.0900002,175115,79.826622
137,Glenda Todd,265-686-569,07-04-2019,45100,59644,59644,02,30,0,2,72775.813,76172.164,0,702,44500,0,6.3499999,184867,70.471306
138,Timothy Medina,340-756-121,07-01-2019,42800,56602,56602,02,43,1,2,46746.109,50930.445,0,655,43900,0,6.54,184204,53.182613
139,Hannah Ward,930-308-288,04-01-2019,42300,55941,55941,02,30,1,2,40536.664,28393.342,1,568,55300,0,6.27,173233,49.148346
140,Diane Mason,715-101-880,07-04-2019,42300,55941,23274,05,44,1,2,43199.23,56538.813,0,649,38900,9800,6.5100002,178800,49.179489
141,Eula Love,489-256-064,08-04-2019,45900,60702,43484,01,40,0,2,68850.641,37546.289,0,748,45900,45000,6.4499998,182639,68.569748
142,Tara Reese,188-965-380,06-02-2019,41800,55280,24084,05,38,1,2,33941.23,29816.637,3,641,43700,0,6.7399998,191248,42.600246
143,Loren Gibson,844-718-259,02-07-2019,42300,55941,16942,04,34,1,2,27912.168,28396.961,2,558,41400,10200,7.1300001,210690,39.270313
144,Paula Dixon,092-042-476,03-01-2019,46900,62025,36660,05,35,1,2,68280.109,82312.664,1,684,49300,0,6.96,159812,65.272209
145,Jay Bell,822-723-445,03-07-2019,43200,57131,57131,03,29,0,2,50542.922,90606.961,0,596,48000,0,7.1700001,175664,55.229019
146,Philip Higgins,380-866-474,02-01-2019,42100,55677,55677,03,29,0,1,35033.145,49577.738,0,631,49200,85000,7.3600001,195203,44.966087
147,Christie Tate,421-762-964,07-02-2019,43100,56999,29220,04,40,0,2,50122.051,34830.609,0,661,51700,11800,6.5900002,180366,54.252056
148,Frankie Hogan,813-699-075,03-06-2019,46300,61231,61231,02,32,0,2,68947.867,59220.84,0,690,49300,40600,7.2199998,209850,67.745262
149,Vanessa Henderson,718-089-565,06-02-2019,47000,62157,62157,01,41,0,3,70224.523,77897.617,0,773,47100,54200,6.6199999,178602,69.462593
150,Jenna Hall,587-859-003,04-03-2019,51400,67976,18653,02,40,1,2,5378.124,0,0,485,24900,60600,6.79,191366,25.553801
151,Tracy Green,058-493-352,09-04-2019,47200,62421,62421,05,39,1,3,74184.844,60137.777,2,716,51800,0,5.8499999,199650,69.432846
152,Nichole Taylor,021-292-376,05-02-2019,42200,55809,55809,01,35,1,2,35190.41,37191.223,1,594,44000,74800,6.1700001,207436,46.202946
153,Delores Benson,390-896-897,05-04-2019,42500,56206,24806,01,32,0,2,42454.383,59967.219,0,578,35300,0,6.3499999,190445,50.666935
154,Robin Parsons,743-488-161,07-01-2019,41400,54751,18584,01,25,1,2,15127.188,43842.031,3,514,28400,29600,6.75,207364,32.542011
155,Noel Bailey,690-479-954,07-02-2019,42300,55941,23183,03,43,1,2,40459.484,67142.063,1,646,36500,197800,6.75,227625,48.43819
156,Camille Reed,675-199-074,03-05-2019,48300,63876,16504,05,32,0,2,8312.8643,28855.734,0,484,49700,23900,6.8000002,220486,25.597034
157,Judith Craig,199-780-668,06-06-2019,42000,55544,19610,04,41,1,1,19795.592,20029.367,3,577,31600,61300,6.5799999,168566,33.731709
158,Franklin Curtis,184-482-695,03-01-2019,42300,55941,26019,05,35,1,2,29011.832,29555.508,3,627,45500,0,7.29,196171,39.151279
159,Janet Welch,141-305-567,05-01-2019,42100,55677,55677,01,30,1,2,34487.012,44892.77,0,626,56000,0,6.4099998,184894,45.905712
160,Meredith Wilson,068-712-595,08-07-2019,41900,55412,55412,03,34,0,2,32988.672,45455.883,0,632,34200,20600,6.5900002,196717,43.334984
161,Kristy Watson,737-050-304,03-06-2019,42400,56073,31180,01,28,0,2,27050.361,51493.332,0,603,42700,0,7.0500002,217747,40.636059
162,Javier Ray,170-994-584,06-03-2019,42300,55941,55941,03,16,1,2,41948.129,37493.305,0,510,42500,0,6.5900002,196669,49.234055
163,Alejandro West,347-563-991,07-04-2019,42300,55941,55941,04,38,1,2,31722.439,29156.66,3,598,40200,0,6.5599999,201965,42.044365
164,Edna Collier,226-403-169,06-02-2019,44100,58322,58322,05,44,1,2,75087.656,91474.258,3,770,46500,0,7.23,176998,70.298645
165,Natasha Martinez,070-505-607,07-05-2019,49200,65066,65066,05,34,1,2,15370.871,20319.75,3,565,46400,0,6.25,200806,30.262936
166,Lynn Crawford,380-913-336,05-06-2019,42000,55544,55544,04,28,1,2,34629.867,17715.832,3,587,34700,83900,6.3499999,179523,44.046185
167,Lionel Watts,678-541-637,03-07-2019,45300,59909,45596,02,35,0,3,80168.43,94400.406,0,734,41600,14500,6.8899999,187311,75.62281
168,Wallace Webster,045-317-333,08-07-2019,40500,53561,53561,03,35,1,3,20226.662,0,0,565,48500,0,6.6300001,196596,34.847134
169,Yvette Schmidt,922-131-573,01-07-2019,42200,55809,55809,01,36,0,2,37640.082,49112.152,0,585,51600,0,7.9299998,195138,47.7589
170,Darlene Riley,312-085-157,05-02-2019,53800,71150,18975,03,43,1,2,651.36151,34861.332,0,512,22900,19500,6.0700002,175198,21.406433
171,Agnes Gray,889-580-656,06-03-2019,44000,58189,25023,03,25,0,2,16940.82,3959.5801,0,540,37200,0,6.6300001,179466,32.44849
172,Salvatore Henry,072-352-726,07-06-2019,42200,55809,55809,04,30,1,2,35235.066,39305.711,1,526,28200,32900,6.8000002,206371,44.064205
173,Nelson Moreno,305-992-570,04-03-2019,44200,58454,58454,03,32,0,1,55034.496,35358.422,0,576,37100,66500,6.3299999,174724,57.986515
174,Kari Hammond,066-807-568,07-01-2019,42800,56602,56602,01,40,1,2,45021.738,46398.734,3,628,51500,0,6.3200002,186906,52.697948
175,Pam Pena,351-192-173,04-07-2019,42500,56206,56206,05,28,1,2,27470.951,24968.137,1,544,34900,133500,6.8099999,198591,38.755764
176,Kelvin Norman,898-732-543,06-01-2019,43100,56999,29227,01,31,0,2,46995.945,16629.754,0,627,42000,113600,6.52,181405,54.406578
177,Amos Wells,343-978-539,04-02-2019,41200,54486,22745,05,40,1,2,27731.443,24169.273,0,573,41800,130800,6.48,182402,38.595524
178,Jeffrey Wheeler,229-479-964,05-02-2019,42000,55544,26704,03,35,0,2,37768.27,40008.605,0,602,53300,0,6.23,206057,46.074825
179,Ricky Gill,404-845-440,08-05-2019,46500,61496,61496,02,38,0,2,62657.504,75784.438,0,712,52400,0,6.6900001,196458,63.966198
180,Tracy Nguyen,996-955-461,06-04-2019,51700,68373,12362,01,33,0,2,0,16366.482,0,480,54500,26600,6.6199999,173930,18.145483
181,Tiffany Fisher,491-101-613,04-05-2019,43400,57396,57396,01,28,0,2,52422.336,64550.438,0,598,44500,33200,6.0500002,179067,57.518822
182,Eugene Mendez,313-133-387,08-04-2019,43600,57660,18007,04,42,0,1,22896.813,32039.723,0,594,43700,0,6.3099999,167084,35.795673
183,Kellie Austin,907-064-315,05-02-2019,42300,55941,55941,02,35,0,3,25581.488,46398.914,0,600,60200,0,6.23,175326,39.248402
184,Belinda Houston,238-213-678,05-06-2019,46500,61496,61496,01,34,1,2,8083.5522,0,1,509,34300,0,6.1700001,200797,28.138254
185,Jack Patterson,527-160-959,08-02-2019,46500,61496,61496,03,33,0,2,13570.413,21257.635,0,526,32200,0,6.02,175787,30.07822
186,Orville Diaz,177-147-292,03-01-2019,42000,55544,25824,05,33,1,2,34833.984,58333.668,3,582,27100,21000,7.0900002,168230,43.358139
187,Esther Cook,877-268-820,03-02-2019,42200,55809,23045,04,22,1,2,32645.557,31652.004,2,534,52600,64700,7.0100002,195616,42.486958
188,Noah Hernandez,116-517-864,06-02-2019,51500,68108,68108,05,30,1,2,89195.852,52875.434,3,776,54100,0,6.6500001,207833,79.715988
189,Luther Barnes,826-650-033,05-02-2019,44000,58189,58189,04,42,1,2,55960.508,65400.363,1,716,45100,0,5.6900001,195233,57.853848
190,Alberto Tucker,311-398-086,06-05-2019,60500,80011,69690,04,28,0,2,92638.109,83676.906,0,759,43300,0,6.8099999,183532,82.915154
191,Tina Pierce,507-004-293,05-01-2019,50200,66389,14739,02,34,0,3,0,840.48157,0,445,34300,0,6.1700001,196001,21.124458
192,Victor Perry,469-854-770,06-05-2019,44100,58322,38248,05,41,1,3,72250.359,66256.578,2,740,42900,5200,6.9299998,189744,68.36776
193,Katrina Abbott,421-159-750,06-03-2019,43400,57396,28216,03,31,1,2,52956.746,68540.219,0,624,50200,25400,6.6599998,178157,56.702778
194,Harry Logan,403-555-451,01-06-2019,42800,56602,56602,02,34,1,2,46441.949,45907.121,2,609,45200,62000,7.4899998,215148,52.746902
195,Ashley Hubbard,854-004-624,05-03-2019,44300,58586,44572,04,24,1,3,76057,64818.676,1,660,47300,166500,6.1199999,203324,71.125801
196,Alicia Watkins,920-971-555,02-04-2019,42100,55677,55677,02,29,1,2,36953.629,33819.938,0,583,46600,158400,7.3899999,175309,46.876633
197,Shirley Frazier,034-346-158,06-05-2019,42600,56338,33259,05,35,1,2,47162.875,45310.348,0,584,36500,0,6.6700001,170738,51.68182
198,Sonia Mcguire,306-711-237,06-02-2019,43900,58057,58057,04,34,1,2,54189.699,57486.191,1,694,22400,0,7,185584,56.466164
199,Caroline Mckinney,953-699-458,03-01-2019,44200,58454,30565,04,34,0,2,59794.078,70083.797,0,645,35800,40900,6.9699998,175033,60.643826
200,Marlon Gilbert,604-451-899,05-01-2019,43200,57131,30610,05,34,1,2,52469.113,41703.738,0,618,38800,108500,6.4099998,189514,55.100185
201,Shawn Norton,043-811-009,05-05-2019,44900,59380,59380,02,36,0,2,61139.527,65782.438,0,687,57800,44100,6.25,177330,62.697945
202,Wendell Figueroa,392-327-787,06-01-2019,51800,68505,68505,05,31,1,2,6268.9268,18153.977,2,463,27900,97500,6.98,150040,23.80534
203,Patti Mclaughlin,133-567-005,06-07-2019,44700,59115,24706,05,39,0,2,24438.602,18311.342,0,575,34600,0,6.77,196744,36.400097
204,Jeanne Quinn,141-076-742,05-05-2019,44600,58983,27150,01,40,0,3,52296.527,10877.231,0,654,39700,24700,6.21,196597,57.532738
205,April Wallace,675-163-246,01-02-2019,42700,56470,56470,02,47,1,2,44637.875,64417.617,1,681,54500,0,7.8600001,199460,51.878147
206,Silvia Fitzgerald,503-409-775,08-01-2019,41200,54486,54486,01,41,1,3,23965.797,2902.2954,1,570,45700,0,6.3000002,182816,38.816849
207,Rafael Dennis,875-802-321,07-03-2019,48500,64141,64141,05,34,1,3,73890.602,74992.453,0,695,34000,96800,6.3200002,193826,68.798157
208,Garry Martin,520-501-736,05-02-2019,42100,55677,26907,05,26,1,2,39179.805,48266.91,3,553,49600,42100,6.4099998,193053,46.116421
209,Kristopher Alexander,497-843-593,07-02-2019,43200,57131,34517,03,39,1,1,52381.918,35552.848,1,685,44400,190100,6.71,190734,56.117523
210,Sheila Cook,464-612-952,06-03-2019,45500,60173,20677,02,38,0,1,17063.381,14741.666,0,536,45700,0,6.4200001,182996,33.552795
211,Rose Sandoval,521-964-037,04-04-2019,42100,55677,55677,03,35,0,1,23665.26,31641.387,0,543,51500,0,6.4299998,201278,36.824181
212,Jessie Greene,007-958-517,07-01-2019,42000,55544,55544,01,31,0,2,33586.438,40462.176,0,577,48900,26700,6.6799998,192683,44.905476
213,Victor Holloway,417-029-433,05-05-2019,42400,56073,22418,03,33,0,3,26308.754,26183.93,0,543,30000,144200,6.3899999,214104,38.725231
214,Dawn Franklin,181-573-478,01-05-2019,42600,56338,56338,04,33,1,1,45469.539,84755.492,1,636,52200,0,7.6199999,193148,51.056503
215,Ross Jordan,360-764-777,06-04-2019,50000,66124,66124,05,33,1,2,76335.078,79130.469,3,697,54200,0,6.54,179409,71.017616
216,Norman Thornton,557-041-559,02-01-2019,41900,55412,21263,03,37,0,2,30606.199,59617.855,0,582,49800,12700,7.1300001,198776,41.832264
217,Jaime Stanley,091-013-104,04-03-2019,43100,56999,56999,03,29,0,2,50514.691,24889.686,0,595,48800,55000,6.2600002,213141,54.765217
218,Wilfred Hodges,944-426-245,04-02-2019,44900,59380,59380,02,35,1,2,60771.418,76548.438,3,764,50700,0,6.25,185154,62.639847
219,Nathan Berry,523-497-177,04-04-2019,44100,58322,35923,04,35,1,2,58829.027,70157.234,0,674,37400,14600,6.6199999,185775,59.96294
220,Derek Cummings,704-706-986,04-03-2019,42500,56206,56206,03,30,0,2,44642.086,44644.727,0,585,67900,0,6.4699998,170902,50.670467
221,Kim Kelly,418-726-287,05-05-2019,44200,58454,19745,01,35,1,2,17574.588,21177.236,3,524,31800,3400,5.8899999,195285,34.136871
222,Javier Keller,162-591-290,09-06-2019,42100,55677,55677,04,39,0,2,32236.357,26922.439,0,613,38600,0,6.1599998,211486,42.205479
223,Daisy Murray,122-605-204,04-01-2019,41800,55280,28093,02,44,1,2,31746.473,42143.176,3,654,54600,0,6.5799999,214730,43.21146
224,Archie Moody,640-484-261,04-04-2019,44500,58851,33822,02,40,0,3,54758.332,74502.273,0,729,50400,0,6.6700001,204566,58.596802
225,Edith Riley,285-563-937,07-04-2019,41600,55015,55015,04,33,0,1,26666.094,37002.352,0,569,33100,50900,6.75,216683,38.14146
226,Christy Rios,498-187-198,05-02-2019,49700,65728,65728,04,30,1,2,88353.766,89597.914,0,651,48400,66700,6.1900001,189780,79.801071
227,Karla Ryan,889-156-668,08-05-2019,45600,60305,31902,05,42,0,2,64057.449,52211.809,0,711,53300,46100,6.5999999,181230,62.712215
228,Maxine Bennett,054-318-139,06-06-2019,42000,55544,55544,03,28,1,1,27198.975,15202.854,1,563,39800,161600,7,189950,39.593521
229,David Swanson,706-961-626,03-03-2019,47200,62421,11633,02,33,0,3,5674.334,11828.619,0,458,44700,63400,7.4899998,207456,25.796549
230,Virginia Love,578-075-874,06-01-2019,50600,66918,26247,02,31,1,3,1327.059,35139.703,2,534,30300,0,6.8099999,191279,22.613806
231,Patsy Howard,717-433-104,07-06-2019,44300,58586,18247,05,43,1,3,18383.695,21170.891,2,570,49600,0,6.6599998,183534,32.320896
232,Lorraine Brown,585-669-249,07-01-2019,43300,57264,57264,04,36,0,2,53453.547,13731.905,0,692,43800,0,6.7800002,174419,56.265957
233,Alejandro Baldwin,182-945-908,04-05-2019,42100,55677,55677,02,34,1,2,37805.926,57749.461,1,616,36900,0,6.5900002,184696,46.956841
234,Hubert Cole,928-901-543,05-01-2019,52200,69034,11202,04,44,1,3,1458.126,0,3,489,37300,83100,5.9099998,213897,22.048258
235,Rosemarie Phelps,045-265-978,07-05-2019,49500,65463,47216,01,42,1,2,77294.961,75415.531,0,807,49500,0,7.0300002,203477,74.109993
236,Josephine Mullins,666-654-149,05-05-2019,45800,60570,60570,04,33,1,2,63290.188,63812.121,0,618,49700,0,6.02,204790,63.080429
237,Johnathan Sherman,807-279-491,05-01-2019,43200,57131,57131,03,34,1,2,51030.379,64598.078,2,601,50300,196100,6.3899999,201935,54.959675
238,Max Sparks,092-781-753,04-06-2019,43300,57264,57264,05,24,1,2,57501.348,53430.379,1,559,44800,132800,6.29,190178,58.435509
239,Russell Gilbert,426-890-742,09-04-2019,47000,62157,62157,03,40,0,2,63597.727,65110.605,0,716,36600,0,6.0799999,183888,63.86203
240,Alicia Reynolds,452-941-531,11-07-2019,42200,55809,31720,04,32,1,3,40563.316,40102.84,3,615,40500,28200,6.1500001,200465,47.53001
241,Sheldon Bryant,479-131-017,08-04-2019,43000,56867,56867,04,36,1,2,26902.924,40845.035,1,580,56700,0,6.3600001,187690,38.334221
242,Billy Walsh,894-274-797,05-03-2019,42000,55544,55544,02,37,1,2,29707.791,53355.836,1,602,42100,72600,5.9899998,191559,41.719456
243,Elvira Lee,413-472-677,10-04-2019,42400,56073,20521,05,37,1,2,31508.871,33138.109,1,588,39600,0,6.0700002,215800,41.256416
244,Clay Cobb,876-129-088,01-02-2019,42400,56073,56073,02,31,1,2,42502.359,40687.859,1,596,49000,0,7.4499998,175748,49.895897
245,Sophie Lopez,480-745-547,04-04-2019,43200,57131,18710,05,38,1,2,24927.07,34668.555,1,569,36600,0,6.1300001,161271,36.765484
246,Tony Clark,417-824-375,09-01-2019,43300,57264,34295,01,47,1,2,48584.066,27549.93,0,748,39100,88500,6.21,204501,55.238537
247,Katherine Rose,720-987-359,02-03-2019,42400,56073,56073,05,33,0,2,45100.906,68743.461,0,621,46500,61700,7.3000002,224411,50.241257
248,Sharon Harvey,955-550-381,06-04-2019,42600,56338,56338,03,38,0,2,26338.354,27437.975,0,565,52600,0,6.6399999,189612,38.390205
249,Wesley Maldonado,689-903-998,10-06-2019,79900,105667,105667,03,34,1,2,0,0,2,477,60100,142000,5.9899998,182616,12.422279
250,Jaime Vasquez,654-179-442,07-04-2019,42200,55809,21614,03,34,1,3,30546.924,22455.295,3,594,59500,0,6.7199998,185166,41.567471
251,Jim Roy,700-960-853,05-06-2020,43700,57793,27418,03,31,1,3,53954.027,54676.934,3,605,37000,0,6.0100002,184626,57.349796
252,Freddie Reeves,648-651-712,05-05-2020,42800,56602,36056,03,35,0,2,46947.348,52939.609,0,634,39300,0,6.1599998,189043,52.667103
253,Lucille Warner,145-585-337,07-02-2020,42200,55809,55809,03,34,1,2,37738.785,53086.07,0,623,48400,0,6.25,164250,46.763779
254,Jodi Morrison,224-590-295,03-02-2020,45100,59644,59644,02,30,1,2,95167.359,106289.65,2,728,49300,88700,7.0599999,191967,85.575706
255,Beverly Lynch,211-935-888,04-06-2020,43000,56867,56867,04,30,0,2,49900.703,48237.441,0,591,47300,47300,6.8200002,183447,53.949509
256,Jo Norman,521-536-732,07-04-2020,42200,55809,55809,04,41,0,2,40437.246,68085.57,0,652,37400,0,6.5500002,169208,47.807152
257,Mike Simon,141-837-535,05-04-2020,43400,57396,28425,04,35,0,2,54492.594,63865.836,0,636,49700,41900,6.3200002,181565,57.055912
258,Rex Nichols,342-470-441,08-04-2020,44100,58322,43291,03,37,0,3,62525.27,63471.738,0,722,49400,0,6.1900001,189303,62.751762
259,Betty Harrington,072-838-082,05-05-2020,45000,59512,41254,04,31,0,2,65468.371,81084.195,0,698,25400,153300,6.2600002,174559,64.30024
260,Bradley Pratt,657-321-470,06-05-2020,46600,61628,13317,02,36,0,2,8839.5684,34765.211,0,480,38700,63600,6.6399999,193208,27.598534
261,Eric Casey,832-167-992,05-05-2020,42100,55677,21240,04,37,1,2,35492.34,31107.131,1,612,52000,38400,6.3600001,205033,44.614582
262,Alexandra Underwood,587-074-671,05-04-2020,41800,55280,55280,04,29,0,2,29960.387,35150.184,0,580,27600,0,6.3600001,175707,40.603714
263,Felix Webster,465-988-770,05-01-2020,42700,56470,56470,03,34,1,2,45635.156,31008.547,2,663,45500,0,5.96,204852,51.747482
264,Moses Young,116-108-076,04-03-2020,42700,56470,24496,05,36,1,2,48336.465,76154.703,0,588,48100,0,6.5799999,193176,52.25275
265,Lillie Conner,367-848-329,09-07-2020,50100,66257,66257,04,32,1,2,13214.044,23353.377,0,458,47200,0,5.9299998,178309,29.216845
266,Abraham Malone,369-200-220,08-06-2020,42200,55809,55809,02,42,1,2,28800.434,21840.059,0,604,37700,414600,6.1799998,183456,40.968433
267,Dwight Johnson,151-851-545,03-06-2020,42300,55941,55941,03,29,0,2,41631.871,46208.156,0,595,44000,0,6.8400002,175852,49.016792
268,Mamie Dawson,871-725-478,05-03-2020,42600,56338,18803,04,46,0,2,22400.676,32787.918,0,597,60700,0,5.9400001,218660,35.682175
269,Jesse Oliver,221-734-785,05-05-2020,40900,54090,54090,03,45,1,2,18047,9388.832,2,599,28400,0,6,193379,33.168777
270,Connie Nelson,173-527-776,07-03-2020,42500,56206,56206,03,24,0,3,27766.805,41805.914,0,524,48700,0,6.4299998,183152,40.148155
271,Nina Lamb,300-503-440,03-04-2020,61200,80936,80936,03,38,0,2,96547.305,96704.82,0,857,49300,110500,6.9200001,182336,85.857666
272,Cameron Lawrence,651-731-558,07-07-2020,41200,54486,54486,02,42,1,2,26810.146,12080.277,1,601,54800,54600,6.4899998,184893,39.725475
273,Ruben Hunt,925-791-406,05-01-2020,42200,55809,18772,02,23,1,2,38655.875,25494.371,2,522,33200,0,6.1900001,197857,47.569496
274,Dewey Scott,250-006-740,08-03-2020,44900,59380,16088,05,35,1,2,19054.361,10964.85,2,523,36600,60600,6.3000002,193490,32.768429
275,Louise Rivera,881-849-727,04-05-2020,42100,55677,27991,01,31,0,2,34777.816,21395.217,0,574,37300,0,6.1999998,199741,45.9548
276,Toni Schultz,769-079-072,05-01-2020,53400,70621,70621,01,33,1,2,79411.461,75129.5,1,734,67300,0,6.1700001,181801,75.673584
277,Lawrence Thompson,243-529-110,06-05-2020,42800,56602,34739,04,36,1,2,48701.477,52457.207,2,652,57000,76100,6.48,200906,53.405025
278,Miranda Arnold,072-354-406,07-02-2020,42200,55809,17314,01,36,0,3,25672.445,34943.539,0,568,53100,0,6.71,196275,40.01516
279,Randy Douglas,370-066-697,05-04-2020,43000,56867,33750,01,27,0,1,49376.586,40030.313,0,639,52600,17200,6.1799998,205900,55.309631
280,Bernice Peterson,617-322-376,06-02-2020,45900,60702,60702,02,34,1,2,72031.945,66247.055,2,673,34000,112400,6.96,200244,69.909813
281,Angel Carr,127-419-019,07-04-2020,44700,59115,59115,01,34,1,2,57126.121,47214.164,2,606,51900,0,6.5100002,192690,60.622158
282,Glenn Kelley,107-199-544,06-04-2020,52400,69298,69298,03,35,1,2,2828.3608,19923.74,0,509,30900,0,6.8099999,197320,23.304899
283,Misty Rogers,245-549-111,05-05-2020,42100,55677,27205,04,43,1,2,37932.273,25366.479,3,647,35500,0,6.5900002,185936,45.915993
284,Michael Horton,444-533-603,06-05-2020,66000,87284,87284,03,44,0,2,107701.83,100724.6,0,899,46800,0,6.9299998,194657,93.036545
285,Sean Padilla,190-016-695,03-04-2020,42400,56073,30130,02,26,0,2,41329.793,36912.16,0,568,39900,0,7.3200002,204303,50.032116
286,Melanie Stevenson,181-397-787,05-03-2020,42500,56206,17920,03,31,1,2,22023.324,29284.348,0,518,34500,0,6,198586,35.945583
287,Nellie Haynes,824-147-213,04-01-2020,42400,56073,56073,02,28,1,2,41712.719,53167.078,1,613,43100,33400,6.3299999,163363,49.647552
288,Myra Torres,846-986-686,07-04-2020,43600,57660,18779,01,34,1,2,15187.771,26495.102,0,551,46400,0,6.6999998,195626,32.50679
289,Cedric Wilkerson,226-670-348,04-07-2020,44100,58322,58322,02,34,0,2,58016.141,68750.133,0,624,43000,156200,6.6300001,182645,60.23658
290,Danny Gordon,768-353-288,04-06-2020,46900,62025,62025,05,41,1,2,76846.25,98183.484,1,777,34400,0,6.8800001,210854,71.292892
291,Danielle Goodman,419-743-318,06-03-2020,45200,59776,59776,04,32,1,2,71763.523,66899.305,1,728,39600,0,6.8699999,190300,68.670296
292,Elbert Goodwin,130-562-838,05-02-2020,49000,64802,49730,03,36,1,2,70687.07,58165.645,1,759,53000,0,6.2800002,195421,68.631805
293,Fred Neal,721-983-770,07-03-2020,42200,55809,14131,04,40,1,2,18327.082,37424.328,3,543,57000,0,6.7399998,195816,32.737297
294,Joyce Mcdaniel,365-405-520,04-03-2020,43400,57396,27688,05,39,1,3,55717.383,43797.469,1,668,48700,142800,6.3299999,213480,57.299988
295,Adam Leonard,687-403-556,06-02-2020,44100,58322,37001,01,33,0,3,56432.922,48169.543,0,685,49100,49700,6.8200002,176221,60.43634
296,Ben Rhodes,898-387-522,05-07-2020,44500,58851,26741,02,26,0,2,60890.586,62355.895,0,581,39200,0,6.29,200107,62.672447
297,Joanna Hicks,464-126-542,04-05-2020,42700,56470,20752,05,29,1,2,30380.061,50752.508,2,553,37100,66900,6.2399998,192391,40.475754
298,Erica Burton,750-628-854,05-07-2020,44700,59115,59115,01,36,0,2,57533.684,81231.953,0,641,31000,35300,6.23,201688,61.299778
299,Jermaine Wilkins,955-406-271,06-07-2020,42500,56206,36730,05,30,1,2,46771.203,11462.009,0,656,37200,90600,6.8099999,164081,50.886093
300,Kristina Coleman,915-451-496,04-03-2020,41800,55280,20551,03,36,0,2,29255.729,62723.348,0,586,44800,221000,6.4000001,200072,40.559086
301,Lena Carter,707-874-141,05-03-2020,45700,60438,16849,03,36,1,2,6296.1982,18759.529,3,501,53600,74400,6.3499999,183738,25.676842
302,Frank Santiago,713-450-603,08-03-2020,48700,64405,64405,01,35,0,2,69292.273,41684.145,0,754,43800,26600,6.4699998,181125,68.770744
303,Kara Sandoval,051-232-626,07-02-2020,42400,56073,12284,03,26,0,3,10436.043,1276.8467,0,445,47600,0,6.6700001,178698,28.440229
304,Henrietta Nunez,777-059-312,05-06-2020,43200,57131,29556,03,37,1,2,51604.004,57835.199,1,652,57600,69600,6.3800001,189252,55.517998
305,Kevin Bass,801-392-916,06-04-2020,41600,55015,24070,04,34,1,2,16843.385,20138.869,2,559,41000,3900,6.6399999,190705,31.343365
306,Elisa Carpenter,830-836-924,07-04-2020,42500,56206,56206,04,37,1,2,45141.547,20824.391,3,636,43800,61800,6.2399998,172317,50.495354
307,Jackie Lawrence,358-913-631,09-02-2020,44000,58189,58189,05,30,0,3,60542.188,90955.789,0,656,36400,0,6.5799999,200372,60.068722
308,Marcus Myers,920-687-675,06-04-2020,46700,61760,61760,03,35,0,2,62808.242,74770.461,0,657,39600,109200,6.4899998,189853,63.098076
309,Fred Castro,990-296-629,07-02-2020,41800,55280,25460,03,37,1,2,35859.207,23821.592,1,602,31000,75700,7.0700002,177323,45.180603
310,Julius Haynes,219-780-811,07-06-2020,42500,56206,56206,04,28,1,2,45285.242,15045.484,1,614,45400,87500,6.3000002,170594,50.945438
311,Greg Hunt,254-784-012,07-02-2020,45300,59909,59909,02,38,0,2,63838.012,60365.824,0,714,44000,74700,6.71,171188,64.482613
312,Spencer Jensen,624-276-045,03-01-2020,49400,65331,50801,03,33,1,2,74507.609,67853.336,1,732,51600,35100,7.0700002,198578,70.685387
313,Jackie Johnston,882-114-797,06-07-2020,46100,60967,60967,05,26,1,2,63796.855,87620.656,2,609,50100,71500,6.7800002,212064,62.513832
314,Tiffany Mendez,484-423-086,06-01-2020,42700,56470,56470,02,34,1,2,44869.301,59650.457,2,693,47300,2700,6.3800001,164134,51.662693
315,Santiago Mcgee,628-723-811,04-06-2020,42800,56602,21754,04,32,1,2,48095.199,50895.566,1,566,37000,32900,6.4400001,202130,53.132267
316,Sam Mckenzie,209-031-895,06-03-2020,43800,57925,42772,02,43,0,2,60669.156,81651.508,0,767,50100,0,6.9099998,193172,62.529472
317,Janice Kennedy,770-435-686,01-07-2020,42300,55941,30545,05,37,1,2,42980.738,33971.367,3,620,39600,0,7.6900001,176485,48.413853
318,Bert Lloyd,572-956-968,05-02-2020,44300,58586,36557,04,35,0,3,57322.75,46938.887,0,675,39200,8200,6.21,189976,58.981155
319,Fannie Dennis,401-256-590,05-07-2020,42400,56073,29391,02,32,0,2,42040.016,20633.785,0,640,47800,0,6.2600002,194246,49.842945
320,Tony Meyer,820-736-681,04-03-2020,43000,56867,56867,01,34,1,2,47932.543,45510.371,2,651,58600,0,6.48,210490,54.362419
321,Mattie Paul,045-099-404,06-06-2020,46900,62025,20851,04,33,0,2,13846.321,0,0,543,50500,56300,6.6999998,191994,29.547052
322,Traci Farmer,318-980-125,07-03-2020,42000,55544,55544,02,32,0,2,35587.863,39448.867,0,568,40700,76500,6.4200001,214666,45.820042
323,Rosa Jenkins,576-934-587,05-06-2020,42300,55941,55941,02,38,1,1,41009.414,57051.219,1,650,34000,0,6.6700001,200403,49.169376
324,Darin Love,429-706-772,04-01-2020,42800,56602,56602,05,33,1,2,49170.738,42933.379,0,672,23800,28900,6.4000001,186828,52.813839
325,Priscilla Hudson,010-060-863,03-07-2020,42400,56073,25471,01,37,0,2,41151.926,37525.531,0,625,44800,85400,7,178123,50.254021
326,Miriam Richards,927-835-347,05-06-2020,42500,56206,56206,01,33,1,2,26965.477,43110.66,2,552,41000,0,6.4499998,203106,40.813122
327,Eric Zou,007-574-359,07-03-2020,42700,56470,16102,02,32,0,2,15631.271,23302.27,0,533,45000,0,6.8099999,188572,32.20676
328,Jorge Gray,993-394-158,07-06-2020,43300,57264,31991,03,32,0,2,51705.805,51002.176,0,625,39800,0,6.77,186096,55.722462
329,Leslie Robertson,905-140-496,04-03-2020,42700,56470,28035,04,33,0,2,46830.359,74225.383,0,641,48000,158400,6.6199999,188016,51.941238
330,Omar Thornton,935-419-773,08-05-2020,42500,56206,56206,02,36,1,2,43678.922,68022.844,1,605,42400,0,6.21,198255,50.992405
331,Kelli Gordon,288-388-330,08-04-2020,44200,58454,58454,05,35,1,2,72573.453,61004.07,2,688,37900,0,6.3800001,192823,68.354568
332,Gertrude Matthews,933-192-735,06-02-2020,45300,59909,17533,01,37,0,3,7741.1685,8395.3525,0,541,37100,23100,6.4000001,192226,28.018309
333,Bob Waters,716-853-370,05-02-2020,44300,58586,37834,05,33,0,2,63287.199,77934.086,0,648,52100,0,6.0300002,176097,62.070278
334,Tracy Stephens,859-858-799,06-04-2020,44600,58983,58983,04,37,1,2,71332.75,89330.328,1,711,57100,78400,6.4699998,198981,68.780579
335,Corey Ortiz,062-502-196,05-07-2020,60700,80275,80275,03,43,0,1,95597.813,66717.805,0,833,54200,0,6.2399998,197292,85.062202
336,Carlton Anderson,909-759-924,06-03-2020,49400,65331,17478,01,34,1,2,2903.1362,23280.266,1,501,28200,0,6.71,214269,24.62841
337,Dianna Schultz,887-268-280,07-06-2020,44500,58851,28891,04,36,1,1,20058.982,24537.895,3,602,28100,28400,6.5100002,178259,33.946754
338,Paul Cole,070-133-406,04-04-2020,42500,56206,21677,02,30,0,2,10596.899,0,0,537,33700,59300,6.7399998,196221,28.868294
339,Floyd Marshall,624-420-290,01-04-2020,45700,60438,60438,01,31,1,3,67790.492,57604.066,3,665,49300,0,8.0500002,196557,68.022041
340,Ignacio Rios,794-404-286,08-03-2020,70800,93632,93632,02,43,1,3,0,0,3,509,27500,0,6.5,206590,16.556005
341,George Parsons,130-825-420,05-04-2020,42300,55941,25203,04,30,0,1,42828.367,46592.871,0,605,36900,0,6.5,168951,49.299549
342,Denise Mendoza,145-537-473,04-06-2020,44600,58983,31372,01,28,0,2,61964.848,49782.68,0,599,47800,4000,6.54,184791,64.053894
343,Arturo Barrett,075-341-890,06-06-2020,42300,55941,19490,02,23,0,1,28783.535,50520.508,0,538,41100,19900,6.75,160821,40.989975
344,Sheryl Ruiz,695-011-312,06-01-2020,46300,61231,42485,02,36,1,2,73059.938,61920.074,0,733,51100,0,6.7399998,204753,70.659737
345,Dave Spencer,893-735-446,08-06-2020,41700,55148,15727,02,37,0,2,19155.529,22161.176,0,556,46000,29200,6.3299999,177221,34.576138
346,Angie Holt,904-315-377,06-06-2020,43900,58057,58057,02,38,0,2,54978.445,61178.375,0,677,34100,0,6.8099999,186420,58.653782
347,Jermaine Cobb,112-791-142,04-05-2020,44400,58718,58718,04,33,1,2,62998.254,59769.613,1,672,42800,0,6.5300002,186458,62.317341
348,Norma Chandler,908-172-753,04-06-2020,41800,55280,55280,02,28,0,2,29527.824,22027.848,0,523,38300,0,6.5599999,192110,41.737839
349,Gregg Newman,359-651-379,06-07-2020,43400,57396,10778,04,37,0,3,9811.0068,0,0,522,47300,0,6.8499999,178254,27.213249
350,Patricia Snyder,506-385-718,04-07-2020,46100,60967,19878,04,38,1,2,8757.7432,19214.373,0,544,37400,82200,6.6399999,200263,26.522524
351,Wendy Harmon,141-436-613,06-05-2020,42400,56073,56073,01,31,1,2,40541.504,34491.746,3,559,54900,0,6.5999999,168587,49.850796
352,Frederick Moss,885-599-785,05-03-2020,42300,55941,55941,01,42,1,2,24920.174,36024.805,2,601,36300,0,6.0900002,196510,39.311378
353,Claire Gilbert,480-443-820,08-07-2020,42400,56073,23951,02,38,0,2,41678.504,52659.215,0,604,41400,189000,6.3400002,197074,49.869366
354,Angelo Jefferson,133-565-998,06-07-2020,43400,57396,36576,03,33,1,2,53175.367,82453.531,1,672,49900,0,6.7399998,215236,56.779526
355,Laura Webb,299-945-054,06-05-2020,42200,55809,55809,04,23,0,3,36608.297,20527.83,0,544,45800,160700,6.6700001,194510,45.114639
356,Helen Chapman,112-498-126,03-03-2020,42400,56073,12411,04,22,1,2,27808.359,26308.203,2,488,49000,0,6.8800001,189986,39.199829
357,Felicia Mullins,520-253-750,08-01-2020,42000,55544,19447,04,36,1,3,18405.334,21226.377,1,574,39600,59000,6.5,189367,33.087044
358,Shirley Colon,190-254-359,07-06-2020,45300,59909,23120,04,34,0,1,18999.668,0,0,556,50000,0,6.3400002,185013,33.231892
359,Tracey Simpson,531-565-089,06-02-2020,41900,55412,29859,01,32,0,2,28402.379,65507.699,0,613,54800,79600,6.8600001,227137,41.931831
360,Ismael Davis,102-162-760,04-03-2020,42200,55809,24213,04,25,1,2,33281.137,50135.527,0,524,44300,61700,6.6599998,212343,43.212341
361,Eleanor Washington,626-570-682,04-02-2020,42800,56602,21844,02,36,0,2,19216.75,0,0,579,36100,0,6.8000002,177733,34.914299
362,Tasha Howell,237-075-239,06-04-2020,41800,55280,28224,01,31,0,2,32605.406,37457.207,0,583,29200,6600,6.6700001,198948,43.960976
363,Conrad Gibbs,250-551-258,05-06-2020,44700,59115,13356,02,34,0,2,15919.409,21427.463,0,514,52500,96300,6.3000002,171159,32.454651
364,Leroy Wood,522-495-302,03-07-2020,48100,63612,55376,05,40,1,2,88604.844,72991.398,2,807,47800,65600,7.0599999,191593,78.663284
365,Doreen Reeves,058-828-632,03-07-2020,42100,55677,18004,05,33,1,2,37350.691,52892.066,3,561,42700,189900,6.9099998,204282,44.940975
366,Betsy Walton,657-097-451,10-03-2020,42200,55809,23624,04,27,1,3,25228.08,24016.43,2,557,22900,0,5.8699999,222074,37.320232
367,Martha Simon,677-755-991,07-02-2020,42900,56735,20234,03,26,1,2,29684.807,32885.063,3,494,68200,0,6.8800001,185155,40.8228
368,Homer Oliver,351-486-892,03-06-2020,42100,55677,23818,04,33,1,2,34664.453,39939.453,2,562,50900,0,7.1100001,198012,43.778477
369,Penny Patrick,980-113-492,02-01-2020,42600,56338,56338,02,35,1,2,23058.961,54111.848,0,552,12200,156200,7.1399999,186974,37.342804
370,Virginia Fletcher,013-309-543,07-07-2020,41700,55148,22263,05,30,1,2,32339.836,31019.439,0,566,36200,73600,6.5500002,187849,41.755154
371,Robert Larson,087-150-572,08-02-2020,43400,57396,29348,02,28,0,2,24848.896,35418.184,0,587,36000,93000,6.4499998,204410,38.6838
372,Joann Gomez,481-916-576,05-02-2020,47800,63215,63215,05,36,0,2,72432.859,54116.859,0,683,45800,113800,6.3800001,195141,68.250641
373,Dwayne Flores,628-017-234,08-04-2020,43500,57528,57528,02,36,0,2,16815.098,23523.303,0,568,37300,77100,6.54,169750,33.163906
374,Joyce Robbins,771-733-591,08-02-2020,42000,55544,26006,03,32,0,2,31085.721,10824.793,0,595,33700,0,6.3000002,211037,41.865677
375,Keith Craig,619-962-188,04-05-2020,46100,60967,60967,05,40,0,2,66017.859,71375.609,0,704,43000,0,6.3699999,188299,63.947861
376,Marlon Perez,851-897-995,08-07-2020,51800,68505,68505,02,33,0,2,79468.023,63666.043,0,709,44100,105000,6.1199999,172977,74.473763
377,Phillip Harrington,993-465-528,07-05-2020,43800,57925,33620,02,45,1,2,53055.215,41840.914,1,733,50800,7400,6.8600001,155536,57.211357
378,Michele Schneider,145-369-531,04-06-2020,43400,57396,28210,04,33,1,1,51374.18,50815.465,3,637,54400,0,6.52,196828,54.437149
379,Dustin Mack,773-371-504,07-04-2020,45300,59909,21097,02,36,0,3,15838.138,0,0,557,35400,129900,6.3099999,214665,32.335987
380,Elmer Poole,923-237-323,05-02-2020,42200,55809,25467,03,39,0,2,41149.152,38775.379,0,614,47000,68800,6.23,204731,48.340096
381,Susie Wheeler,621-463-311,04-07-2020,43400,57396,31875,03,24,0,2,54774.758,29797.418,0,603,45900,0,6.2600002,185062,58.02206
382,Karl Delgado,830-425-740,05-02-2020,44800,59247,59247,04,31,0,2,19923.738,44789.277,0,573,40200,64400,6.1300001,190334,34.097473
383,Hope Rodriguez,239-872-685,06-06-2020,42000,55544,55544,05,40,1,1,32451.781,32585.369,3,637,33200,156900,6.7399998,196949,41.587376
384,Sherri Wilkerson,465-994-098,03-02-2020,41800,55280,23603,04,40,0,3,34301.516,35521.098,0,645,53900,32900,6.79,194840,43.484463
385,Terence Benson,698-766-762,05-06-2020,43100,56999,32035,02,35,0,2,52785.996,48409.133,0,651,47300,0,6.5900002,232261,57.254745
386,Aaron Guzman,513-720-475,06-04-2020,42500,56206,56206,02,30,1,2,66251.945,67958.711,3,637,40900,22800,7.0300002,163975,65.978424
387,Leonard Potter,863-342-997,06-02-2020,43100,56999,33298,04,42,1,2,53526.383,55525.215,1,694,65700,0,6.6900001,191861,56.166512
388,Erik Sanchez,255-520-136,09-05-2020,44300,58586,58586,04,38,1,2,18182.279,0,1,557,37100,0,5.8200002,173544,32.664421
389,Perry Pope,013-305-951,07-01-2020,49100,64934,21711,05,32,0,1,11039.901,26609.242,0,545,47800,145000,7.02,192281,27.384687
390,Orlando Conner,755-373-687,06-02-2020,48400,64008,64008,02,40,1,2,78527.984,84951.313,0,770,44200,25700,6.7399998,182290,73.991669
391,Donna Watson,761-176-409,05-01-2020,42200,55809,31141,01,36,1,2,31556.426,25071.01,0,651,46800,91000,6.4499998,184338,43.781036
392,Samantha Robinson,214-428-902,02-04-2020,49000,64802,18325,01,40,1,2,8878.9053,17623.563,3,553,41600,163400,7.1999998,191233,28.477472
393,Carrie Drake,395-930-820,05-05-2020,43900,58057,58057,04,31,0,3,56518.41,71429.406,0,658,37800,164300,6.1399999,184031,58.44302
394,Kathryn Willis,464-066-949,05-07-2020,45900,60702,60702,03,31,1,2,77316.313,86802.781,1,757,47700,0,6.0300002,187672,72.665199
395,Malcolm Munoz,157-889-630,06-07-2020,42200,55809,22896,02,39,1,2,27184.443,12688.899,1,589,49500,0,6.5900002,195863,40.263165
396,Alton Armstrong,324-451-814,07-03-2020,42300,55941,55941,01,30,0,3,38339.098,39429.426,0,604,41400,3100,7.1399999,174083,48.68203
397,Elsie Harvey,814-088-950,07-04-2020,46600,61628,61628,03,41,0,2,70291.602,77970.961,0,763,43800,0,6.5,233288,68.138435
398,Peter Medina,063-276-875,04-06-2020,55300,73134,73134,05,36,1,2,0,13224.718,0,507,37800,61800,6.7399998,203437,19.630869
399,Natasha Gibson,099-535-642,04-01-2020,49600,65595,65595,04,25,0,3,88843.852,80596.867,0,708,40200,2700,6.48,209502,80.110733
400,Russell Wolfe,022-457-863,09-04-2020,42600,56338,56338,05,39,0,2,46771.77,38650.098,0,690,58300,0,5.8800001,196404,51.125072
401,Clark Shelton,888-710-607,02-05-2020,47200,62421,62421,03,30,1,2,72316.438,52788.957,0,673,45100,70900,7.6999998,191664,69.554909
402,Ricardo Lee,102-490-169,03-05-2020,46300,61231,61231,05,36,1,3,64241.57,66686.328,3,702,46000,0,7.1199999,206831,62.446072
403,Shawna Gonzalez,942-305-172,05-06-2020,44800,59247,30162,01,33,0,2,60809.734,74924.25,0,611,37000,0,6.2399998,182190,63.040356
404,Sergio Porter,906-594-903,05-03-2020,41400,54751,54751,05,40,0,2,35326.223,53501.32,0,624,42900,43700,5.9299998,177642,43.689354
405,Lyle Black,303-540-255,06-06-2020,45000,59512,42919,03,32,0,2,65565.836,67662.625,0,704,61400,170200,6.6100001,185408,65.163101
406,Gayle Wagner,561-043-241,04-04-2020,53000,70092,70092,03,39,1,2,82960.25,85922.828,1,788,49300,0,6.5700002,182134,76.454399
407,Leroy Steele,432-633-979,09-06-2020,42500,56206,56206,01,26,0,2,26848.957,20832.277,0,613,36300,0,6.0500002,173265,40.604168
408,Jaime Wolfe,991-461-228,06-02-2020,43000,56867,37842,05,35,0,2,67795.391,65787.852,0,695,45700,0,6.9699998,185816,65.411766
409,Marjorie Mendoza,544-148-321,03-02-2020,42200,55809,55809,04,38,0,2,35414.324,51510.344,0,621,45600,0,7.1999998,198829,44.165684
410,Faith Bennett,186-655-835,06-04-2020,42000,55544,25526,02,31,1,3,35341.363,16508.428,3,581,47200,41300,6.6900001,184767,45.635052
411,Nettie George,931-988-383,07-05-2020,41800,55280,18974,03,41,1,2,23710.021,14692.692,1,558,33300,0,6.8499999,194224,36.986206
412,Taylor Gregory,039-386-584,03-01-2020,46500,61496,61496,04,32,1,2,78962.742,75781.508,1,674,45300,145100,7.3499999,199107,73.552208
413,Seth Chavez,461-856-258,06-05-2020,41800,55280,16991,05,31,0,2,21421.287,35369.914,0,481,54700,51600,6.5100002,182813,34.430359
414,Zachary Meyer,699-891-984,07-04-2020,42700,56470,56470,02,27,0,2,45633.094,48734.023,0,570,39100,0,6.73,208879,52.463108
415,Joe Montgomery,352-982-652,07-04-2020,41700,55148,23527,04,34,1,2,35064.172,34720.277,0,618,27900,0,6.79,193046,44.066898
416,Tricia Turner,000-970-397,07-07-2020,43300,57264,18915,04,32,0,2,22119.799,36530.168,0,517,33300,211400,6.6599998,191559,35.597153
417,Ben Jennings,844-798-340,02-07-2020,42600,56338,23271,01,38,1,2,23700.025,0,1,610,33900,117600,7.4200001,202837,38.487999
418,Gerardo Holloway,782-844-196,11-04-2020,42300,55941,26075,03,35,1,2,33409.254,13548.822,3,577,51400,17700,5.9899998,181875,43.6506
419,Rosemarie Garner,047-186-642,07-03-2020,44500,58851,58851,04,34,1,2,63487.578,52906.406,1,688,46100,0,6.46,195507,63.295971
420,Warren Houston,766-827-092,05-06-2020,48000,63479,23496,04,32,1,2,8631.3926,8521.8662,1,522,42400,0,6.6799998,201464,26.385597
421,Fred Fisher,375-657-927,07-03-2020,41800,55280,55280,03,32,0,2,32195.365,41681.992,0,631,46300,13400,6.52,168295,42.741806
422,Troy Jones,130-226-775,09-06-2020,41500,54883,27218,01,26,0,2,30586.07,20242.652,0,565,38700,12300,5.9400001,183752,43.186039
423,Shannon Castillo,714-319-653,07-02-2020,45600,60305,19249,02,28,1,2,10778.502,7174.6304,1,487,43900,0,6.9899998,196892,28.816126
424,Martin Adams,891-039-711,06-02-2020,42800,56602,27640,02,40,0,2,45712.992,31380.391,0,665,68400,34200,6.6700001,167982,52.949711
425,Vivian Potter,311-328-742,04-05-2020,54000,71414,71414,04,40,1,3,100150.72,99605.719,0,819,53300,0,6.3200002,196185,87.7276
426,Sandra Quinn,776-451-625,09-06-2020,49500,65463,65463,01,36,1,2,76985.398,84911.5,2,723,51000,66400,6.1399999,206784,74.367844
427,Elsa Daniels,947-046-190,07-01-2020,41800,55280,24767,01,27,1,2,24565.57,11945.936,1,535,69800,21100,6.8800001,191096,39.25528
428,Luther Hines,861-420-453,07-03-2020,55500,73398,24876,02,30,1,2,0,0,1,520,36900,72400,6.6799998,198696,19.26223
429,Sidney Jackson,022-921-297,03-02-2020,42700,56470,56470,02,40,1,2,28705.49,44365.82,0,585,47800,19900,7.1700001,189562,40.991512
430,Shawn Cobb,763-620-074,05-07-2020,42000,55544,55544,05,30,1,2,36693.77,65336.875,3,568,43700,89400,6.4400001,180521,44.216484
431,Clara Jefferson,840-583-759,09-02-2020,42000,55544,24294,04,35,0,2,35706.547,32690.104,0,608,41900,36200,5.8899999,199280,44.90081
432,Marta Holt,803-373-451,03-02-2020,47100,62289,62289,02,29,0,2,70197.008,79955.445,0,670,53000,0,7.1799998,185830,68.59803
433,Herman Moss,115-749-503,03-06-2020,42100,55677,55677,01,36,1,2,36109.32,32824.172,0,605,50500,8700,7.0900002,162492,46.831192
434,Kristina Ortega,660-877-725,10-05-2020,48000,63479,63479,04,27,0,2,77023.758,89646.273,0,695,46000,72300,6.0300002,180182,72.071594
435,Jackie Sharp,923-710-028,07-04-2020,42200,55809,55809,02,32,0,3,39115.387,36963.922,0,578,43700,61000,6.6900001,181563,48.047073
436,Johnny Caldwell,415-117-619,10-03-2020,44300,58586,36238,03,35,1,3,61552.402,50980.332,0,678,37700,0,5.6199999,183518,62.309208
437,Gabriel Fuller,382-680-504,04-07-2020,44700,59115,59115,03,34,1,3,59096.77,70893.516,1,656,56100,0,6.4099998,214446,60.898449
438,Courtney Bowen,116-667-670,08-04-2020,42800,56602,23830,05,39,0,2,26145.191,0,0,580,51000,100100,5.9099998,209638,37.479733
439,Rene Graves,564-338-755,06-04-2020,42200,55809,20415,05,26,1,2,38956.859,45436.055,2,516,28700,124000,6.9400001,209381,46.227436
440,Cary Yates,955-561-747,08-01-2020,43300,57264,57264,01,25,1,2,49914.297,43715.398,3,523,55800,287300,6.4200001,218289,55.755417
441,Kirk Patterson,458-979-208,07-04-2020,44300,58586,58586,05,31,0,2,64007.91,93338.508,0,624,61900,23900,6.46,179329,62.666542
442,Frankie Graham,264-228-611,07-05-2020,42300,55941,24510,05,35,0,2,42713.75,61686.477,0,598,35400,57800,6.46,176031,48.624245
443,Maria Duncan,340-208-683,05-04-2020,48200,63744,63744,01,30,0,2,64227.555,49093.891,0,598,39000,0,6.0999999,185627,65.583664
444,Marlene Bryan,919-793-557,06-05-2020,42400,56073,56073,01,33,1,2,41423.617,73410.016,2,654,49000,0,6.4000001,184409,50.182045
445,Bryant Craig,453-186-289,07-06-2020,42600,56338,20590,05,32,0,2,26767.373,47421.41,0,562,37900,0,6.6700001,213265,38.149628
446,Lorraine Dawson,602-527-720,04-07-2020,41400,54751,15582,05,33,0,2,23209.539,35538.531,0,515,37200,0,6.3499999,161027,35.311829
447,Brenda Moore,384-054-876,07-02-2020,45000,59512,59512,03,29,0,2,71908.898,59021.086,0,690,53300,1900,6.4000001,166818,69.203896
448,Lucia Payne,876-279-427,08-07-2020,43200,57131,21085,03,33,0,3,25238.377,8751.7178,0,544,51100,0,6.4499998,191483,37.76659
449,Naomi Young,369-110-599,03-06-2020,44200,58454,58454,01,33,1,2,56411.848,46059.293,1,687,42600,0,6.9899998,206891,60.489212
450,Agnes Stokes,138-743-178,06-01-2020,42600,56338,26814,02,34,0,2,44336.891,43552.027,0,619,62200,123800,6.9299998,168165,51.439919
451,Jesus Walker,137-173-588,08-02-2020,47200,62421,49194,01,33,1,3,80831.906,73241.414,3,749,46500,70300,6.5500002,182166,76.301178
452,Tracey Stephens,682-954-005,05-01-2020,49600,65595,65595,03,38,1,2,70955.336,43276.836,2,707,35800,0,6.2600002,174768,68.460419
453,Amy Mills,485-255-780,04-01-2020,44300,58586,33343,01,31,1,2,54713.168,65941.008,0,650,53100,0,6.54,186021,58.951447
454,Saul Spencer,855-348-928,08-03-2020,44700,59115,59115,05,32,0,2,66451.047,74736.594,0,670,38600,29900,6.27,200519,64.440948
455,Isaac Colon,574-140-849,04-07-2020,48800,64537,64537,04,41,1,2,75330.438,65827.969,3,784,49600,185400,6.6199999,191211,71.030136
456,Lauren Robbins,372-521-184,05-07-2020,50700,67050,13346,02,33,1,3,0,5433.0913,3,450,48100,0,6.04,191484,21.286835
457,Conrad Munoz,589-097-784,03-01-2020,42100,55677,20354,04,30,1,3,35988.535,58432.785,2,496,30800,19700,7,194614,44.655201
458,Rosie Sherman,826-514-139,05-04-2020,42100,55677,55677,03,33,1,1,33840.164,27217.535,0,659,44300,72700,6.3299999,171753,44.171726
459,Maggie Wallace,077-479-769,03-01-2020,42300,55941,55941,05,35,0,2,43062.125,51678.293,0,657,49900,32100,6.8499999,185659,48.61042
460,Shane Jacobs,518-568-943,08-06-2020,43200,57131,33356,05,35,1,3,58339.613,52496.43,0,682,50200,0,6.3200002,200781,58.860481
461,Kate Larson,159-545-514,05-05-2020,41900,55412,26659,04,31,0,2,36969.691,28237.898,0,618,48600,66300,6.2199998,198320,45.540329
462,Damon Rose,992-345-209,10-04-2020,40800,53957,53957,04,39,0,3,16272.134,11263.442,0,579,44300,21900,5.98,186255,31.569868
463,Sandy Hopkins,144-356-318,05-01-2020,43200,57131,37600,01,38,0,2,48406.867,62889.043,0,704,40200,0,6.3800001,176272,54.925449
464,Erin Snyder,102-580-393,06-02-2020,49800,65860,65860,04,37,1,1,75380.57,94554.523,2,728,41000,169700,6.8600001,182346,70.625969
465,Lola Summers,445-018-011,04-07-2020,45100,59644,59644,02,37,1,2,58390.543,4507.2827,1,666,57000,0,6.4000001,199570,60.93576
466,Terrance Schultz,503-601-143,01-03-2020,44100,58322,38740,04,46,1,2,69288.258,62165.855,2,770,38300,0,7.27,184315,66.778954
467,Tami Mason,925-060-804,06-07-2020,42300,55941,23212,02,38,0,1,30586.842,28315.729,0,600,46200,0,6.5799999,179018,42.367668
468,June Wilkerson,646-530-229,08-07-2020,42600,56338,56338,01,33,1,1,43389.715,63968.605,1,612,48800,0,6.5799999,199079,51.884594
469,Eileen Farmer,228-587-269,03-06-2020,46700,61760,61760,04,32,1,3,66374.102,70863.938,2,718,44100,3600,7.1100001,167482,65.016869
470,Joanne Ball,759-371-795,07-02-2020,49400,65331,47201,03,39,1,2,76579.641,67817.625,0,745,54100,0,6.5599999,208732,72.421631
471,Kelly Reed,925-817-677,08-04-2020,43300,57264,57264,05,34,1,3,56900.383,57337.273,1,657,38400,0,6.4899998,179217,57.910187
472,Rafael Mcgee,205-311-945,08-01-2020,44100,58322,58322,04,28,1,2,58533.961,46838.086,3,639,38600,0,6.21,161451,59.323181
473,Roger Richardson,361-665-661,05-07-2020,44800,59247,59247,03,37,1,2,68349.688,65856.891,0,746,34300,0,6.2600002,174435,67.053474
474,Dewey Griffith,576-641-173,07-07-2020,43200,57131,28052,04,38,1,1,26445.357,33116.332,0,637,50800,53200,6.5500002,213420,38.132423
475,Melody Rodriguez,484-264-078,07-01-2020,44100,58322,58322,04,36,1,2,57713.48,57539.082,2,706,31300,0,6.5300002,207464,59.031952
476,Bobby Harmon,734-764-710,05-07-2020,44400,58718,33022,05,37,0,2,57161.262,66644.719,0,659,50500,0,6.04,177626,58.418739
477,Muriel Owen,025-262-439,03-07-2020,46900,62025,62025,02,32,0,1,13270.002,17027.209,0,539,53100,120400,6.9699998,185098,30.960329
478,Jimmie Hogan,537-491-245,03-02-2020,42100,55677,20359,03,36,1,2,36294.988,51399,3,603,49400,82000,7.3099999,205579,45.484688
479,Thomas Barton,646-672-677,04-03-2020,42700,56470,56470,01,39,1,2,45052.48,45633.355,1,636,48700,23000,6.25,163088,52.362778
480,Carrie Jenkins,862-250-338,08-04-2020,42500,56206,56206,01,34,0,2,41695.918,45845.875,0,605,35200,96900,6.4099998,200479,50.636665
481,Kendra Pierce,179-356-244,06-02-2020,61100,80804,17894,03,32,1,2,0,0,2,499,29000,0,6.6599998,208532,18.243534
482,Blanche Diaz,978-644-354,09-02-2020,46700,61760,22413,01,41,1,2,9721.6377,34142.305,1,548,46400,0,5.8800001,178405,28.884266
483,Wallace Drake,224-069-380,05-01-2020,41800,55280,55280,03,30,1,2,30180.852,30718.916,1,659,43900,125500,6.0300002,196742,41.278233
484,Cindy Austin,192-390-753,04-06-2020,43700,57793,30117,05,38,1,2,54930.258,22866.703,1,674,62500,72300,6.3800001,194224,56.482525
485,Christopher Rice,573-737-153,07-03-2020,41900,55412,26053,03,39,0,2,35911.211,22306.525,0,618,43400,4800,6.52,186789,45.384659
486,Joy Woods,096-663-366,08-03-2020,52000,68769,68769,05,37,0,2,102572.17,94473.594,0,853,47800,50900,6.3400002,193105,88.59095
487,Spencer Hayes,585-427-131,05-06-2020,42400,56073,56073,05,33,0,2,44291.242,37640.754,0,587,42100,1900,6.3499999,183597,49.559929
488,Johnnie Collins,010-237-352,08-04-2020,43400,57396,20951,04,36,1,2,18626.971,30584.295,2,539,56200,67100,6.4400001,184616,32.860241
489,Harvey Peters,328-385-262,07-04-2020,45800,60570,60570,05,35,0,2,77537.547,55471.227,0,715,45900,0,6.6399999,204517,71.627266
490,Ginger Howard,256-200-090,08-03-2020,42700,56470,56470,01,41,0,2,43820.055,52259.242,0,675,55600,0,5.9200001,184255,52.090656
491,Owen Poole,716-866-896,05-07-2020,45100,59644,59644,01,34,1,2,60425.918,54256.762,3,618,54600,0,6.3899999,208813,62.761284
492,Calvin Brooks,581-700-420,05-05-2020,41600,55015,55015,05,39,0,2,34654.355,47760.922,0,608,44300,71400,6.3600001,196148,42.67511
493,Pete Carlson,431-278-570,07-02-2020,42400,56073,56073,05,35,1,2,44165.652,35115.895,2,634,51900,5200,6.3699999,211594,49.586876
494,Hector Ramirez,227-223-539,07-03-2020,42100,55677,29848,01,37,1,2,32976.914,34361.949,3,629,32900,0,6.2800002,180778,44.424477
495,Micheal Frazier,490-470-562,11-01-2020,46600,61628,24354,01,41,0,3,6549.167,11278.734,0,607,53000,0,6.3200002,184360,27.233633
496,Ronnie Newman,768-306-388,02-05-2020,42200,55809,27762,04,39,1,2,35773.648,25434.842,1,601,43400,141300,7.25,200621,44.524281
497,Archie Daniel,820-254-588,05-03-2020,52400,69298,69298,04,36,0,2,74211.445,76375.906,0,742,61200,0,6.0999999,192910,70.247787
498,Beulah Malone,959-014-611,02-04-2020,41500,54883,54883,05,38,0,2,26587.006,29072.369,0,558,45000,0,6.9499998,182325,37.215496
499,Joanna Douglas,737-813-320,07-06-2020,50000,66124,18538,03,38,1,2,9664.0479,33307.941,3,534,50500,115700,6.4899998,189118,27.826759
500,Joseph Estrada,819-930-258,03-01-2020,42200,55809,55809,01,38,0,2,37731.621,40642.492,0,588,57400,140600,6.8299999,182363,47.971558
